item_id,order_id,product_id,quantity,unit_price,discount_percent
1,57,30,4,3741.13,50
2,88,73,3,2077.65,5
3,1154,112,5,7353.49,5
4,577,125,5,8546.86,0
5,225,54,3,4091.01,0
6,577,74,3,1403.92,30
7,1087,2,6,10268.79,10
8,484,142,5,13455.76,15
9,623,117,1,4776.93,20
10,212,63,3,669.36,0
11,190,139,6,9456.56,10
12,624,44,6,9287.86,30
13,381,110,1,702.11,15
14,1128,43,6,10660.81,15
15,734,79,2,2833.1,0
16,1191,89,2,8761.16,0
17,864,101,6,5242.2,25
18,576,103,1,11238.02,0
19,261,59,6,13075.03,0
20,196,101,2,12896.58,15
21,264,35,2,521.03,15
22,114,85,2,8958.64,30
23,651,129,5,3415.23,20
24,881,139,3,13027.76,0
25,515,135,4,12876.01,0
26,177,86,4,3629.16,25
27,1178,74,1,3426.37,20
28,1167,65,-6,8986.19,20
29,152,36,3,2853.59,50
30,486,122,3,11165.52,0
31,1102,63,4,10005.24,50
32,1191,24,2,8130.36,20
33,893,69,2,9067.22,25
34,294,94,1,3388.83,0
35,961,74,6,12981.87,0
36,408,29,6,902.35,20
37,998,146,-5,337.36,50
38,334,122,4,7657.69,10
39,40,143,1,7406.81,25
40,789,6,3,5481.95,20
41,197,100,2,14032.17,20
42,1008,77,5,261.7,15
43,911,39,4,7509.67,30
44,540,133,5,8890.26,5
45,1161,13,6,13413.25,30
46,459,29,4,4215.62,25
47,472,115,4,12425.93,0
48,345,17,2,10916.45,0
49,284,50,3,13002.0,50
50,1160,130,1,2342.28,20
51,1135,61,2,10716.57,25
52,244,87,3,9268.61,0
53,498,76,6,11146.81,25
54,943,18,3,2486.92,5
55,334,33,3,1902.53,15
56,463,35,1,13688.01,5
57,741,17,4,3300.77,30
58,75,83,6,6127.69,0
59,47,114,3,2183.65,50
60,163,135,3,4432.63,20
61,1046,13,4,11756.42,30
62,239,35,4,14942.23,15
63,935,25,1,6110.57,30
64,1176,1,3,14962.4,0
65,1162,125,6,2066.58,0
66,48,108,2,6929.51,0
67,228,146,2,14892.51,0
68,351,38,2,4956.41,20
69,898,73,1,7410.07,25
70,1133,83,2,8747.15,0
71,159,145,6,6452.56,0
72,436,121,6,6979.09,5
73,1172,79,6,8193.73,10
74,167,22,6,14298.68,0
75,375,42,6,6816.73,0
76,766,129,1,10860.15,30
77,395,64,2,14363.2,5
78,247,80,3,10261.33,50
79,744,104,4,11537.77,25
80,151,147,3,8669.86,20
81,462,22,6,6087.39,50
82,938,78,4,6542.5,10
83,1144,58,3,5342.94,25
84,697,10,3,909.98,10
85,68,27,4,5281.07,50
86,910,3,2,1578.03,0
87,403,24,5,5946.27,0
88,999,11,5,9096.53,25
89,1046,78,5,14901.65,0
90,686,46,4,6094.05,15
91,507,8,1,811.82,50
92,487,95,1,13251.16,15
93,1040,39,4,629.68,30
94,604,110,2,3620.69,0
95,403,79,5,10773.33,50
96,352,41,5,4918.93,30
97,1073,115,3,12148.96,30
98,779,6,5,3116.68,25
99,306,116,4,2545.71,0
100,102,148,5,2558.36,0
101,926,53,6,1569.15,25
102,441,51,4,10938.14,50
103,132,132,5,13639.45,0
104,135,80,2,9955.39,5
105,365,21,-5,3174.64,20
106,10,124,3,12458.16,0
107,427,70,3,3874.48,30
108,1059,126,2,4436.17,0
109,1084,105,5,303.98,5
110,921,7,4,999.47,15
111,1063,129,5,6603.63,5
112,108,58,4,3324.06,5
113,741,58,3,11297.95,0
114,1002,95,5,1045.07,15
115,96,92,2,13989.81,0
116,782,17,2,3390.52,0
117,892,105,1,10040.63,30
118,1177,76,1,14845.65,20
119,242,34,1,6003.57,5
120,600,14,3,12224.15,20
121,457,29,2,13296.58,20
122,215,68,4,11000.72,30
123,281,140,1,13618.73,15
124,658,8,1,13337.87,0
125,86,126,1,5304.88,10
126,530,23,5,5351.42,0
127,555,106,5,1613.56,5
128,121,24,1,14622.13,50
129,142,141,3,3851.63,5
130,641,128,6,5771.31,10
131,565,85,6,7011.96,0
132,1177,51,2,11375.43,50
133,774,130,6,9200.56,15
134,1126,4,1,13362.73,0
135,702,47,2,4084.68,0
136,546,102,4,8788.29,0
137,250,135,4,9095.82,0
138,750,7,6,3979.6,20
139,1077,48,2,4053.77,0
140,880,7,3,4720.29,0
141,570,18,2,8696.88,50
142,101,29,1,10849.6,0
143,911,111,4,12974.32,10
144,515,1,1,2874.04,0
145,1192,143,3,2600.88,0
146,37,11,2,878.04,5
147,402,3,6,9428.18,0
148,979,2,3,3563.4,30
149,327,63,4,1094.14,0
150,17,68,2,3167.53,0
151,669,135,2,12538.61,50
152,484,104,5,2240.84,0
153,253,97,1,11171.94,5
154,516,47,-6,12773.67,0
155,1007,138,2,2941.11,30
156,226,145,6,8561.18,20
157,573,132,3,13393.28,10
158,466,113,1,2085.66,0
159,525,82,6,2167.93,0
160,777,24,6,5322.87,30
161,152,91,4,9480.94,20
162,871,103,3,4061.34,5
163,128,58,4,8655.2,0
164,973,65,5,3718.57,0
165,52,18,1,8848.29,25
166,459,71,6,13948.97,20
167,154,65,6,4708.5,50
168,84,13,1,12248.24,50
169,456,90,6,14625.36,50
170,94,145,5,4016.27,0
171,751,77,6,10334.36,0
172,70,134,2,6413.96,0
173,898,63,3,11453.67,10
174,755,109,3,5594.78,50
175,471,84,6,12454.67,10
176,612,136,5,752.03,20
177,203,85,5,8321.6,30
178,604,96,1,11874.25,15
179,1002,30,3,11963.85,30
180,994,109,5,2181.81,5
181,285,127,2,11145.36,50
182,922,36,6,5975.59,0
183,1080,136,2,8145.21,15
184,888,30,2,14924.03,50
185,864,122,3,13549.55,0
186,441,13,-4,8215.02,25
187,745,122,6,13421.31,5
188,68,136,2,3639.61,0
189,55,89,5,8098.57,5
190,915,122,3,4381.63,0
191,659,39,6,7077.66,0
192,714,7,1,7195.63,30
193,1177,105,2,5629.25,25
194,1113,33,1,6888.63,0
195,85,18,3,8051.58,0
196,427,78,4,13797.36,50
197,189,31,2,6917.68,10
198,243,79,2,14967.09,20
199,437,79,1,13643.22,50
200,1059,77,5,13519.11,50
201,79,38,5,9585.33,0
202,43,135,6,8175.1,20
203,991,126,5,3561.16,10
204,921,110,3,4748.35,15
205,757,78,3,6799.91,25
206,1148,76,5,5999.67,0
207,1019,106,1,6565.27,0
208,963,12,6,14397.99,25
209,484,140,5,10737.8,10
210,1023,103,3,1604.52,50
211,865,105,1,11189.63,0
212,685,84,1,9511.6,0
213,840,2,3,4460.03,30
214,868,142,2,7348.92,50
215,735,89,3,3768.08,25
216,772,72,2,12587.72,10
217,505,89,5,10142.85,30
218,366,41,6,8273.55,15
219,992,43,1,12503.72,15
220,1199,10,4,11463.1,30
221,36,103,6,12025.4,0
222,773,8,1,12465.25,20
223,46,144,4,910.31,15
224,761,24,5,11983.52,0
225,629,147,5,4739.12,0
226,625,24,1,171.32,0
227,862,91,3,13848.09,25
228,654,123,2,7615.18,5
229,333,63,3,8567.49,0
230,843,80,2,3372.92,25
231,1094,99,2,5340.83,0
232,70,70,6,11771.6,20
233,765,21,5,8353.96,0
234,238,61,4,4962.38,30
235,552,46,5,6964.93,15
236,331,17,1,5196.14,0
237,1005,124,2,9049.03,0
238,881,21,6,10755.84,0
239,800,104,1,13048.11,50
240,823,115,4,8112.09,0
241,558,73,5,12003.14,10
242,564,115,3,51.28,10
243,40,131,3,10061.15,20
244,193,95,3,244.27,10
245,536,28,1,13289.71,5
246,109,133,2,3515.42,0
247,696,12,3,3358.59,0
248,317,141,2,11284.86,25
249,1038,107,4,4229.09,0
250,39,3,2,2299.9,5
251,95,30,4,9006.2,0
252,286,76,2,5454.23,30
253,712,81,2,897.15,10
254,562,5,6,9947.72,10
255,420,28,2,11416.23,0
256,369,117,1,6308.45,30
257,950,94,3,6013.3,30
258,258,61,3,12184.84,10
259,1115,24,1,14631.03,50
260,766,6,4,7609.7,30
261,1015,83,3,9353.36,50
262,714,142,2,8635.17,0
263,875,90,3,8366.49,0
264,1036,41,2,1525.12,25
265,393,89,1,12624.76,10
266,7,55,4,11891.63,0
267,88,111,4,9965.52,50
268,178,65,2,5412.1,25
269,705,16,1,10954.31,15
270,74,6,5,5999.16,25
271,291,5,5,11141.52,25
272,8,101,3,3240.99,0
273,748,1,4,1311.07,0
274,292,145,5,497.6,0
275,725,3,1,3462.62,0
276,92,40,2,9345.37,10
277,145,114,4,4742.42,50
278,139,91,5,7857.7,25
279,1012,27,2,13584.47,20
280,822,77,1,13167.62,30
281,34,144,1,8948.88,15
282,754,31,3,1881.97,10
283,1015,112,4,2955.07,30
284,540,37,5,2880.72,0
285,941,47,4,8461.21,15
286,544,15,6,4000.01,15
287,1201,72,1,13679.14,0
288,809,141,5,13337.45,25
289,15,69,3,896.13,25
290,1153,7,4,11925.34,20
291,1134,89,4,3586.61,0
292,1170,86,3,8685.25,25
293,210,74,6,3676.64,0
294,952,82,6,10469.68,0
295,247,141,6,13105.94,10
296,426,126,5,2162.89,50
297,1179,66,4,6478.67,15
298,1115,11,1,3170.91,25
299,971,112,2,3314.91,30
300,676,140,3,7856.24,20
301,849,24,2,8424.07,10
302,865,138,5,3772.19,50
303,1076,124,2,5729.09,0
304,528,5,6,12748.64,30
305,878,32,1,3974.36,50
306,809,31,1,937.34,0
307,537,110,1,3193.48,30
308,223,120,5,6990.61,5
309,971,23,5,12840.3,0
310,278,43,5,7134.36,15
311,383,76,2,13675.92,0
312,848,131,3,2314.43,0
313,1115,142,4,4216.58,0
314,103,69,1,3478.59,0
315,1187,99,6,3760.6,15
316,730,24,3,12108.7,30
317,192,47,2,1322.66,50
318,736,89,2,10306.07,15
319,502,84,1,5385.37,5
320,678,116,6,4165.72,0
321,670,41,5,6829.29,30
322,814,60,4,8469.14,10
323,1043,117,3,11328.26,15
324,963,10,1,3186.89,10
325,899,1,2,6630.12,0
326,220,88,3,12967.62,0
327,1012,15,5,5575.43,50
328,1184,4,4,12153.29,50
329,549,130,2,11753.28,0
330,337,15,3,13251.46,15
331,439,104,4,4332.69,50
332,856,36,3,3307.43,30
333,392,80,2,1490.72,25
334,1049,57,6,6100.31,25
335,1024,57,4,9577.96,25
336,52,59,4,11607.98,0
337,699,125,5,1492.73,15
338,866,147,6,9411.55,5
339,348,41,-1,13462.97,0
340,879,60,3,10173.66,10
341,734,114,1,4134.3,0
342,431,147,6,2388.0,20
343,729,53,5,9370.26,50
344,968,70,4,10935.6,30
345,961,123,1,618.57,20
346,512,139,3,5949.29,50
347,165,86,5,13087.0,50
348,284,122,1,14698.35,20
349,219,98,3,8028.88,10
350,1129,20,1,10733.08,10
351,984,119,3,14600.78,30
352,134,117,3,3403.52,5
353,612,12,1,12881.81,30
354,976,72,5,11917.58,5
355,940,102,2,9896.2,5
356,562,15,5,12954.62,25
357,442,53,1,3330.92,10
358,1051,148,5,13774.87,5
359,670,55,3,7265.33,30
360,682,13,5,8043.38,0
361,616,31,1,12182.33,25
362,35,86,6,4781.38,0
363,1084,4,1,4628.65,50
364,1190,102,2,725.26,50
365,306,32,4,832.38,20
366,797,122,-5,5141.91,15
367,455,74,1,1914.19,50
368,921,61,6,3788.13,25
369,946,23,2,567.38,25
370,64,42,3,13958.11,50
371,1212,37,3,2652.93,10
372,81,131,1,10719.28,25
373,1014,57,5,4023.02,25
374,111,28,4,9074.57,15
375,171,4,1,7308.95,50
376,577,123,2,414.97,10
377,518,92,2,8643.74,0
378,521,86,4,5032.19,5
379,863,107,4,6686.2,20
380,182,99,4,11928.95,50
381,271,127,-3,9737.66,20
382,108,149,3,2817.42,25
383,348,66,6,2952.61,0
384,1084,126,4,13369.11,10
385,669,9,6,8505.97,50
386,684,145,-1,6947.85,50
387,1059,103,1,12198.38,20
388,755,68,5,1962.35,30
389,1006,32,4,2988.36,20
390,1106,29,5,13918.68,0
391,239,24,2,2825.6,50
392,502,18,6,878.56,20
393,253,95,3,5711.93,30
394,470,144,3,9815.36,15
395,1173,1,3,3655.95,5
396,1175,20,2,1313.82,0
397,284,83,4,9270.3,50
398,611,67,2,427.99,20
399,1061,106,3,6386.53,5
400,399,44,6,3273.0,50
401,135,146,3,4820.01,15
402,620,139,4,6499.76,20
403,373,113,1,2674.46,25
404,17,46,3,2464.6,0
405,481,90,4,14317.31,10
406,656,139,3,10413.33,15
407,477,9,3,1598.3,20
408,478,56,-3,13170.68,25
409,29,11,2,2904.11,30
410,1054,7,6,5127.65,5
411,650,136,1,12640.76,0
412,878,141,1,5833.52,25
413,237,54,2,10317.45,25
414,61,148,6,5797.84,0
415,829,14,5,12953.73,0
416,14,80,2,4644.94,10
417,1127,45,6,4474.94,10
418,795,138,6,3835.4,0
419,1090,82,6,6008.98,0
420,585,138,5,10978.03,25
421,389,115,4,10544.76,0
422,1045,4,1,4025.02,30
423,8,146,2,8071.89,10
424,639,43,4,14301.11,5
425,763,138,2,8174.43,30
426,978,68,1,13436.81,25
427,670,148,4,5481.37,0
428,1215,31,3,10283.23,20
429,86,13,5,6484.23,0
430,796,3,5,5085.73,30
431,739,80,1,12724.73,10
432,996,113,4,3977.49,0
433,221,108,4,14312.03,20
434,151,73,3,8710.09,25
435,362,32,3,8605.91,30
436,970,94,5,6828.97,0
437,837,120,4,10399.26,20
438,109,48,2,14386.12,20
439,920,40,4,6121.27,0
440,1194,80,1,4586.65,25
441,311,47,3,1685.4,0
442,191,86,3,2096.53,0
443,496,56,2,2197.66,50
444,955,89,6,9273.76,5
445,203,118,2,10700.54,0
446,1031,42,5,13316.99,10
447,1169,24,1,9661.53,0
448,820,74,1,5044.12,25
449,300,33,5,11419.74,25
450,228,51,6,10685.55,0
451,713,96,3,2628.61,5
452,1010,26,6,6143.08,5
453,1020,77,2,13940.7,0
454,881,62,2,9074.74,10
455,871,20,1,3468.07,0
456,47,147,6,12509.25,25
457,823,32,6,14167.9,0
458,1128,10,2,7673.59,30
459,953,119,3,12704.9,20
460,438,49,6,7207.08,0
461,623,142,1,14777.95,5
462,76,76,5,5735.24,5
463,362,15,6,5589.22,5
464,1173,86,5,4629.92,0
465,1039,38,2,9426.66,25
466,1045,140,2,13120.46,50
467,788,13,2,13990.65,0
468,836,6,5,6000.01,0
469,1203,104,4,9081.65,10
470,1005,85,6,5260.52,30
471,361,88,3,2779.21,30
472,743,62,6,10538.91,20
473,142,91,1,7320.03,20
474,687,101,3,6238.52,20
475,815,69,4,955.22,30
476,82,75,5,1689.63,0
477,598,41,1,10447.07,30
478,340,88,4,9999.41,20
479,96,100,4,8610.98,5
480,454,87,5,2655.22,30
481,610,128,4,7961.36,25
482,87,28,5,9658.03,0
483,948,130,4,14794.89,0
484,86,115,2,3383.47,0
485,622,95,2,10914.31,15
486,599,146,4,6179.47,0
487,259,133,6,8905.42,0
488,130,23,3,14980.73,0
489,1055,71,6,6546.7,0
490,1109,87,6,14469.8,15
491,93,38,6,9349.11,50
492,1009,46,3,7737.29,10
493,585,116,1,14517.63,30
494,106,1,4,2045.58,15
495,399,68,3,4924.65,50
496,522,144,5,3078.69,50
497,56,25,6,10026.11,5
498,785,99,5,10765.23,0
499,970,63,3,9034.08,25
500,293,107,4,1957.01,5
501,1014,119,3,6769.37,0
502,75,145,5,1159.19,20
503,208,43,2,14683.01,50
504,239,143,2,6813.68,0
505,631,41,3,10276.66,20
506,902,9,3,1449.53,25
507,381,143,5,14955.62,25
508,926,128,2,4182.86,20
509,136,65,3,10981.67,0
510,34,17,6,6946.57,20
511,105,128,5,9936.26,10
512,646,81,1,8978.37,5
513,1028,99,6,14398.09,5
514,328,35,3,4976.12,0
515,1059,120,5,3244.16,0
516,949,89,1,11515.68,20
517,862,147,4,9868.73,30
518,220,1,1,12864.63,10
519,872,31,4,3467.1,0
520,48,48,5,2041.94,10
521,490,53,2,11487.44,15
522,353,26,4,6300.59,20
523,545,39,6,12045.62,10
524,367,70,5,5410.61,0
525,508,77,3,13126.15,10
526,690,50,5,13100.87,0
527,850,98,5,4424.61,20
528,483,83,4,7740.75,0
529,1179,25,1,3617.28,50
530,612,37,2,4011.97,5
531,540,46,6,232.95,0
532,1154,148,6,5943.06,30
533,823,109,2,11115.82,0
534,945,17,5,10638.29,0
535,749,94,5,2227.39,0
536,907,48,-5,2678.97,5
537,562,64,6,3501.89,50
538,955,146,6,13957.58,0
539,837,68,2,6403.57,0
540,758,64,6,9312.85,20
541,852,121,1,8922.6,0
542,465,103,2,5326.47,20
543,594,77,1,9890.45,25
544,406,20,4,8840.57,10
545,399,117,1,6137.17,10
546,1117,103,6,494.61,20
547,1033,73,2,6373.72,0
548,915,138,1,2174.75,10
549,464,39,5,9164.5,5
550,475,13,3,11421.48,30
551,400,1,6,2972.76,10
552,962,7,6,3698.89,0
553,1192,57,4,3964.66,20
554,1116,42,3,5600.52,30
555,1111,141,3,3110.32,0
556,197,138,2,1112.01,0
557,53,28,5,4730.93,30
558,567,129,6,6010.13,0
559,31,78,1,137.37,50
560,69,71,6,706.56,10
561,1017,53,4,2140.92,25
562,792,40,6,4839.65,5
563,890,101,4,874.51,20
564,234,74,3,6092.02,30
565,363,34,1,12694.76,0
566,224,95,2,7539.5,0
567,457,83,2,5595.88,25
568,206,21,4,6665.79,20
569,427,65,5,9373.95,0
570,550,54,5,8206.55,15
571,11,1,6,6207.16,30
572,826,3,6,5180.39,15
573,429,51,2,966.06,25
574,922,79,4,11452.29,0
575,662,99,3,14305.03,0
576,1032,52,1,2940.33,50
577,314,23,6,7335.07,10
578,1173,9,5,13486.35,15
579,200,57,6,13578.27,25
580,943,113,4,1016.63,0
581,1,88,2,704.67,10
582,569,85,4,7864.94,20
583,749,30,6,7726.61,20
584,792,97,6,3365.82,0
585,1071,1,4,7046.33,0
586,301,143,2,9120.1,5
587,1067,27,2,4266.57,0
588,1025,135,3,3919.33,30
589,569,148,6,9792.73,30
590,370,107,1,9491.49,15
591,205,53,5,1243.57,25
592,405,84,2,4071.78,20
593,669,48,4,14210.41,30
594,517,63,6,12844.96,50
595,449,65,3,7575.53,30
596,904,24,3,3567.45,30
597,694,144,1,12015.12,5
598,287,38,5,3354.27,15
599,764,20,3,384.8,0
600,622,93,4,9410.46,50
601,532,67,3,12430.25,0
602,865,101,3,11286.52,0
603,658,116,5,12082.56,0
604,533,84,3,5715.79,0
605,547,92,4,3987.9,25
606,462,49,3,6719.06,25
607,1040,67,1,4309.19,25
608,251,148,3,9639.16,0
609,498,30,5,10238.9,15
610,1100,113,2,12150.91,0
611,677,60,5,7643.93,20
612,364,35,2,6982.02,0
613,119,20,3,12137.28,30
614,1048,59,3,782.52,10
615,1058,130,6,5116.24,50
616,185,41,1,8314.72,10
617,141,93,2,3625.64,20
618,750,8,2,12447.04,0
619,785,7,1,5026.8,0
620,402,104,3,8054.94,0
621,1055,18,6,6636.1,30
622,1051,139,1,13478.9,0
623,229,44,3,5130.53,5
624,15,103,4,12754.66,50
625,780,13,4,3019.63,20
626,20,101,3,9349.51,10
627,773,47,5,5096.13,15
628,783,26,2,4335.49,0
629,24,125,6,6055.47,0
630,532,25,5,11997.83,5
631,1200,137,6,13012.01,0
632,449,57,3,1473.97,0
633,461,73,1,8147.72,0
634,951,102,3,9997.45,20
635,210,33,5,11502.51,15
636,946,23,1,7481.69,5
637,117,28,5,10833.39,10
638,95,133,6,11207.83,20
639,481,97,5,9126.47,0
640,1120,141,1,6980.81,0
641,328,92,5,12391.52,20
642,245,136,4,677.36,15
643,837,8,3,11266.55,0
644,906,135,4,4739.49,15
645,154,54,2,4648.48,50
646,796,18,4,12221.52,15
647,157,27,5,3508.0,0
648,1192,61,3,1335.85,15
649,1197,84,5,9997.76,50
650,681,134,3,13071.52,25
651,340,20,5,6097.12,30
652,50,35,3,12416.06,15
653,459,17,2,6613.31,0
654,378,47,1,5010.19,5
655,826,24,6,14015.52,30
656,174,40,2,488.5,0
657,1194,126,1,1255.38,15
658,960,13,2,14907.61,25
659,428,27,5,14715.06,50
660,1017,58,6,5931.23,15
661,418,119,3,12971.57,30
662,398,135,3,13258.03,0
663,950,22,2,8939.99,30
664,907,92,1,10366.9,5
665,909,69,5,5832.97,30
666,941,63,6,14846.21,0
667,1127,18,1,588.28,5
668,1003,143,1,6992.2,5
669,397,63,2,4453.42,5
670,260,100,1,6666.36,20
671,244,104,5,11232.45,0
672,102,21,1,534.88,0
673,842,8,4,14154.57,50
674,513,5,5,11909.98,0
675,677,113,6,4043.23,0
676,403,91,1,5509.23,0
677,1206,64,4,9025.27,10
678,1214,91,1,14569.09,0
679,7,62,1,11926.68,10
680,931,134,5,13096.59,20
681,390,59,5,10378.43,20
682,849,130,6,14326.38,20
683,982,40,4,5434.02,0
684,43,129,5,11443.2,20
685,3,55,6,8963.23,0
686,508,139,3,5837.14,0
687,181,82,5,13721.43,50
688,518,45,3,3095.84,30
689,336,103,2,634.31,20
690,162,56,6,10823.34,20
691,830,41,4,11784.43,30
692,72,52,3,8880.18,30
693,976,12,3,8551.72,0
694,670,40,5,14998.86,50
695,877,123,6,4693.71,0
696,197,80,3,6483.9,10
697,26,80,3,1802.58,10
698,1004,91,5,11596.94,30
699,644,75,5,8415.89,50
700,210,58,5,10673.7,15
701,782,53,6,4392.1,5
702,353,128,1,9265.22,5
703,626,82,5,10286.96,50
704,761,146,1,6474.01,0
705,872,136,5,13277.75,50
706,99,51,2,9481.56,5
707,440,108,4,14261.81,0
708,64,107,1,10581.89,0
709,376,90,1,8022.59,15
710,839,68,1,14451.85,0
711,465,37,5,6227.41,30
712,97,9,6,3854.25,15
713,789,27,6,13317.39,10
714,757,147,5,13280.02,50
715,743,79,2,9582.84,15
716,448,45,6,12254.52,0
717,128,52,1,8283.84,50
718,1204,37,3,10151.07,10
719,405,94,1,14327.12,30
720,313,59,6,12769.93,5
721,822,130,2,13139.22,0
722,444,12,5,2515.39,5
723,1194,48,1,2629.53,50
724,795,114,5,2210.51,0
725,75,23,6,8129.68,20
726,308,5,2,12083.55,0
727,808,3,3,1818.1,0
728,327,58,6,5105.31,0
729,1004,110,5,7402.71,20
730,52,19,4,13311.53,0
731,1086,123,3,8819.03,20
732,791,146,6,14755.31,50
733,1013,143,4,9655.78,5
734,1003,82,2,3620.12,10
735,576,82,2,12243.9,10
736,760,80,2,4220.54,0
737,612,82,1,5341.37,20
738,845,77,1,766.47,0
739,99,137,5,7221.37,50
740,782,86,3,2411.36,0
741,447,85,1,9968.72,0
742,1149,145,4,13062.38,20
743,787,104,2,3243.86,0
744,598,104,4,1712.89,0
745,340,93,3,7459.1,10
746,906,61,6,2603.59,5
747,653,131,-1,1971.46,0
748,526,102,3,4306.34,50
749,678,28,5,10577.01,5
750,164,13,3,7983.88,10
751,762,107,2,2660.83,30
752,27,101,3,1343.8,0
753,25,82,2,5948.73,0
754,431,104,6,6858.85,5
755,107,136,6,4662.28,0
756,477,30,6,10282.4,25
757,593,71,1,6275.04,0
758,506,138,5,14716.11,30
759,403,112,6,6851.54,50
760,710,140,6,11062.26,0
761,121,68,6,6367.68,0
762,282,88,6,4842.39,0
763,1200,85,4,14958.4,30
764,25,1,5,7537.85,15
765,1184,94,6,13168.2,0
766,36,51,5,1057.36,0
767,457,112,3,12729.14,5
768,225,136,3,8081.64,20
769,1009,103,5,6274.48,20
770,294,19,4,6968.27,30
771,963,124,6,7761.02,10
772,345,74,6,4374.68,0
773,205,40,5,8123.3,20
774,836,73,5,5623.86,10
775,1168,116,4,13906.33,0
776,1,148,1,794.23,20
777,755,78,6,12333.6,5
778,1042,149,4,12065.4,10
779,35,31,3,6338.14,0
780,223,47,1,11805.95,50
781,967,105,2,10815.72,0
782,750,128,6,9407.53,5
783,1167,50,2,1669.91,5
784,902,147,1,2729.68,10
785,1131,72,4,8734.83,10
786,1211,138,2,7904.14,0
787,702,77,2,10023.25,30
788,162,82,1,12949.21,0
789,930,49,2,5810.84,20
790,746,131,6,7776.43,25
791,225,17,4,14350.55,50
792,191,87,4,6414.38,10
793,420,116,5,9751.53,0
794,458,6,4,5198.08,30
795,480,139,4,7824.58,50
796,58,55,5,8784.31,10
797,255,14,1,6800.43,0
798,761,77,2,4228.42,30
799,1155,33,1,6002.42,25
800,353,78,3,3580.94,5
801,184,83,1,12589.01,10
802,1043,43,4,8066.64,50
803,567,29,-5,3192.56,0
804,439,1,4,8388.17,5
805,31,19,5,7467.15,0
806,308,74,4,12607.87,50
807,541,144,4,14324.94,15
808,565,123,4,7231.24,25
809,268,22,4,802.76,50
810,638,122,4,3890.08,15
811,347,75,6,2469.83,20
812,118,114,3,5922.69,50
813,1017,103,3,8916.63,10
814,949,127,2,4096.96,30
815,465,120,1,1631.47,0
816,76,31,1,2022.73,25
817,1081,106,3,2853.0,0
818,767,3,4,6556.63,15
819,101,1,6,3721.91,15
820,205,45,2,5140.97,0
821,432,111,5,13199.78,15
822,600,112,6,5578.69,10
823,346,65,3,13085.1,0
824,497,71,6,9572.79,15
825,291,131,1,3035.71,25
826,353,41,2,10999.98,5
827,693,24,4,6588.07,50
828,1185,3,2,12106.75,0
829,431,101,3,4440.07,0
830,338,87,2,8922.02,0
831,189,93,3,6218.99,0
832,160,128,2,5212.99,15
833,890,1,1,938.01,0
834,250,42,2,7362.17,50
835,597,58,5,14964.2,50
836,44,87,2,5962.67,20
837,648,136,6,577.76,0
838,669,73,3,7779.11,0
839,811,141,4,7625.51,50
840,449,109,2,14694.19,15
841,1008,122,1,219.05,5
842,199,102,2,1703.96,10
843,114,133,2,12483.18,0
844,947,67,2,10514.14,0
845,35,121,2,1943.59,30
846,170,55,6,581.05,15
847,554,115,1,1803.16,50
848,1021,58,5,331.64,15
849,648,26,-1,11013.36,0
850,1110,28,3,14097.87,5
851,340,45,2,97.37,10
852,392,34,4,790.29,15
853,174,116,4,6002.25,5
854,1075,68,3,653.11,5
855,644,31,4,4397.27,0
856,745,119,5,11891.57,15
857,825,123,2,11318.59,0
858,929,103,5,10822.25,10
859,1170,51,2,1990.62,0
860,818,124,2,13663.54,5
861,638,100,6,570.66,20
862,152,81,1,13988.9,30
863,1058,72,3,14424.83,25
864,876,77,1,3308.04,0
865,799,97,1,8079.85,30
866,661,84,3,5313.37,0
867,637,131,3,656.4,0
868,666,44,2,4613.84,15
869,19,78,2,3692.96,25
870,1149,74,6,3765.35,50
871,669,139,3,11450.45,0
872,622,139,3,4918.92,50
873,1102,21,1,7868.08,5
874,54,116,3,1215.98,50
875,413,8,2,12798.48,15
876,470,149,3,114.06,5
877,1195,111,-4,7025.13,5
878,451,44,4,9263.63,0
879,158,52,6,8654.24,15
880,1025,129,2,7947.11,10
881,26,32,3,4848.79,10
882,265,82,6,5976.66,30
883,686,7,1,5659.11,0
884,720,42,2,8305.6,0
885,9,42,5,9845.31,10
886,1094,109,3,2615.65,50
887,1123,35,2,6338.41,25
888,676,129,2,14444.65,10
889,651,49,5,13169.72,0
890,89,123,3,12781.8,15
891,318,17,2,9305.17,10
892,1128,132,4,7900.6,0
893,269,70,1,7592.42,20
894,915,74,1,13365.71,0
895,876,126,2,11860.92,0
896,53,37,4,6365.77,15
897,972,107,4,9150.97,5
898,1164,48,3,13164.45,0
899,675,74,5,3458.28,0
900,1065,63,4,2444.25,30
901,567,28,5,3708.15,5
902,21,29,3,10807.6,10
903,931,41,4,2525.79,20
904,456,143,6,14430.54,0
905,470,85,2,226.64,0
906,600,25,5,8501.73,25
907,173,148,2,11457.08,30
908,757,145,4,6733.82,20
909,69,87,1,3757.28,10
910,42,44,1,5649.22,0
911,53,56,5,9476.29,15
912,714,73,1,3600.16,15
913,652,32,2,8754.31,0
914,585,138,4,8362.24,30
915,200,94,4,8911.57,0
916,9,28,4,12152.03,20
917,313,88,3,5284.25,5
918,782,48,6,14974.88,25
919,237,106,4,5635.67,15
920,783,17,4,4241.34,0
921,246,58,6,8206.46,0
922,488,42,4,8602.7,25
923,831,49,6,1966.46,0
924,1176,102,-4,107.52,50
925,740,100,4,1371.28,0
926,1164,63,2,11987.26,0
927,1135,37,4,8533.65,50
928,725,134,2,6956.06,25
929,150,127,2,4730.9,0
930,753,144,2,8246.11,10
931,80,109,4,12057.15,25
932,64,29,6,6444.52,0
933,59,42,5,4543.71,50
934,526,48,5,2808.56,20
935,182,129,5,8656.34,0
936,291,33,1,5195.69,50
937,932,41,-2,3427.06,25
938,128,2,3,11232.54,30
939,1161,48,1,2504.48,10
940,239,91,1,3375.5,0
941,84,57,4,83.64,0
942,837,45,5,9978.0,0
943,711,21,3,2929.16,10
944,888,20,5,12325.36,30
945,409,46,3,6621.99,0
946,535,144,5,13734.84,50
947,1084,52,4,10968.92,0
948,1193,136,2,11788.12,10
949,887,112,2,10003.55,15
950,51,5,5,5266.56,30
951,375,68,1,9615.29,5
952,328,17,1,8949.7,10
953,39,150,1,2385.34,5
954,98,130,3,8733.61,0
955,1070,150,3,2407.52,0
956,1158,145,3,7104.22,5
957,680,108,4,6812.59,10
958,85,85,4,12231.31,30
959,897,66,5,12366.65,15
960,109,92,5,14661.44,50
961,384,96,-4,1865.2,10
962,731,64,4,9568.03,25
963,81,35,4,7179.36,0
964,1111,116,6,5303.47,20
965,359,29,6,9620.03,0
966,478,24,3,9026.95,0
967,682,33,5,1479.32,10
968,1013,43,1,3011.83,50
969,1133,107,6,10060.66,0
970,1006,49,4,926.43,25
971,1198,88,4,8029.96,10
972,529,129,6,4570.33,10
973,1146,58,3,13921.8,10
974,197,109,2,9921.44,0
975,75,53,1,5544.14,10
976,423,109,4,2440.15,20
977,1052,44,2,12517.67,0
978,726,58,2,6430.98,30
979,316,48,2,5338.4,0
980,571,48,2,2541.1,0
981,264,33,5,9983.35,5
982,569,110,1,12882.3,0
983,1174,55,4,8947.91,10
984,978,11,4,5005.21,10
985,593,123,6,2792.59,50
986,686,107,1,12572.07,30
987,205,68,6,5679.88,20
988,950,41,1,12513.67,25
989,844,109,5,4602.47,25
990,82,94,4,7697.82,25
991,46,106,2,12907.16,30
992,354,100,5,8143.97,0
993,1035,128,3,1474.85,30
994,116,101,4,4412.49,0
995,978,119,1,11732.12,15
996,737,123,3,14176.21,0
997,709,90,6,11644.7,0
998,840,120,6,1771.73,0
999,359,143,2,8063.95,25
1000,283,69,6,12161.19,30
1001,138,116,4,11879.66,10
1002,191,57,4,7276.08,30
1003,778,75,2,10198.7,0
1004,584,70,1,329.85,20
1005,375,50,1,3237.59,30
1006,556,74,5,4730.12,15
1007,642,101,2,12179.05,0
1008,411,4,6,4965.18,5
1009,1081,14,5,7890.5,25
1010,581,85,6,549.18,20
1011,430,136,5,6544.54,30
1012,453,15,1,8883.16,15
1013,597,135,1,4302.45,0
1014,313,27,6,2715.96,50
1015,1041,130,4,7560.6,15
1016,430,77,4,3648.49,25
1017,476,34,2,755.51,20
1018,297,127,4,5213.52,25
1019,168,81,5,10369.5,25
1020,448,18,3,8310.63,5
1021,13,98,1,12214.91,50
1022,540,38,6,5339.3,0
1023,246,9,6,4715.27,20
1024,432,62,4,2370.53,0
1025,138,50,2,3520.09,0
1026,1103,147,5,8223.23,0
1027,1144,111,3,13095.48,0
1028,121,70,1,8067.66,0
1029,666,64,2,7105.11,0
1030,539,115,4,4128.91,25
1031,516,131,3,12552.63,15
1032,727,148,2,2266.84,10
1033,1011,65,4,5101.13,0
1034,261,146,6,9425.84,0
1035,1037,114,1,6974.54,50
1036,1145,103,3,14102.98,20
1037,1095,58,-3,12465.03,0
1038,497,97,3,11484.58,10
1039,372,26,1,14170.2,0
1040,107,36,5,6409.82,25
1041,51,95,3,9891.37,0
1042,496,104,3,8152.4,0
1043,103,95,3,10141.19,0
1044,251,33,3,1402.46,50
1045,179,10,3,5774.84,30
1046,129,81,2,10388.07,20
1047,648,70,6,9584.55,0
1048,649,120,2,2001.8,25
1049,718,136,2,12592.57,10
1050,178,143,4,7797.47,0
1051,1214,2,4,3358.3,0
1052,1168,125,4,14139.02,0
1053,857,51,6,13971.74,15
1054,363,88,3,8055.52,0
1055,935,94,1,6431.68,25
1056,553,105,-3,11398.1,30
1057,677,19,2,5130.16,30
1058,983,99,6,10593.24,10
1059,975,81,1,7449.25,0
1060,894,63,2,8359.36,5
1061,1180,26,2,2655.92,0
1062,720,103,2,4177.13,0
1063,1180,69,4,3371.85,5
1064,174,121,4,11891.8,10
1065,662,96,5,8846.44,0
1066,558,26,5,4097.3,5
1067,142,46,2,10176.73,0
1068,929,98,3,7654.57,50
1069,92,30,1,2677.15,0
1070,696,130,1,4784.04,0
1071,697,129,1,11287.68,0
1072,743,113,5,6737.63,0
1073,236,38,4,2306.43,0
1074,569,37,4,7376.9,10
1075,721,144,5,5466.34,25
1076,937,104,-2,12269.68,10
1077,843,149,3,9264.95,0
1078,1075,148,5,14468.14,10
1079,704,136,5,11391.42,0
1080,349,89,6,12796.53,15
1081,795,75,4,3713.77,50
1082,249,102,5,8856.87,50
1083,149,94,1,8890.86,0
1084,466,138,5,3146.77,15
1085,594,75,3,8209.34,0
1086,1131,79,-1,1162.06,0
1087,61,40,5,9382.76,50
1088,505,54,3,13656.68,15
1089,456,133,3,4238.34,0
1090,124,54,-3,6221.08,0
1091,1104,21,3,5081.56,0
1092,983,6,1,11253.68,10
1093,89,25,4,14924.19,5
1094,1164,118,5,3858.15,0
1095,26,42,3,7629.21,25
1096,291,35,1,8611.93,0
1097,1053,139,2,780.03,50
1098,47,7,3,10691.41,0
1099,844,141,2,3349.07,0
1100,834,142,6,13382.77,0
1101,987,103,1,4757.94,15
1102,1154,96,1,2867.81,50
1103,175,9,6,6780.64,0
1104,1162,56,4,9183.68,25
1105,238,136,5,4788.98,5
1106,1168,22,3,6665.91,0
1107,272,120,4,14647.67,20
1108,123,116,4,6511.32,25
1109,13,21,-2,11208.36,0
1110,594,142,5,320.27,30
1111,369,67,1,7703.67,0
1112,807,42,6,3616.28,15
1113,1048,125,4,12600.64,50
1114,452,121,2,11099.77,10
1115,661,112,2,10348.82,30
1116,656,109,3,11426.74,0
1117,966,9,6,11729.67,15
1118,1074,51,5,1991.87,15
1119,515,124,4,8055.33,25
1120,256,25,2,3353.55,25
1121,1151,41,2,1820.68,50
1122,11,123,2,7088.47,20
1123,110,79,6,11096.86,20
1124,775,49,5,6025.65,5
1125,892,10,6,2946.65,30
1126,522,77,6,14481.42,20
1127,299,26,3,5290.8,20
1128,57,62,5,12683.92,25
1129,2,17,2,4019.34,25
1130,860,138,1,6107.02,0
1131,977,38,1,1027.92,10
1132,395,15,5,13679.23,50
1133,588,45,4,13234.97,15
1134,13,124,1,5303.91,30
1135,465,9,3,8482.14,5
1136,306,8,6,1523.42,15
1137,884,44,1,9139.52,0
1138,833,134,4,1101.97,20
1139,553,16,1,9478.58,15
1140,995,90,3,13441.91,0
1141,30,92,-3,3161.65,5
1142,1133,75,3,9635.24,0
1143,957,100,6,4065.02,15
1144,301,12,3,547.2,20
1145,783,143,2,11389.0,0
1146,310,29,6,7524.54,20
1147,658,143,5,5020.14,0
1148,171,7,1,9859.55,0
1149,203,23,4,13159.73,0
1150,702,3,1,3014.35,0
1151,831,53,2,5842.41,0
1152,401,68,4,12217.34,25
1153,951,40,1,7612.36,20
1154,169,141,4,3907.3,5
1155,883,71,4,13214.08,0
1156,533,138,1,9124.3,30
1157,161,125,5,1292.23,30
1158,111,24,3,2164.84,15
1159,449,64,4,10484.64,0
1160,1088,51,1,5500.35,5
1161,345,123,-2,2705.6,5
1162,1127,84,1,3323.81,50
1163,426,28,1,9966.12,50
1164,561,117,3,9117.81,10
1165,516,50,3,2276.83,50
1166,20,35,1,6049.03,0
1167,482,141,-6,5361.41,0
1168,629,55,4,1674.32,25
1169,311,108,5,12937.56,30
1170,417,127,2,9214.6,0
1171,1119,20,4,12913.64,30
1172,694,59,1,6317.42,0
1173,941,12,5,9126.66,0
1174,407,24,1,13724.72,20
1175,397,146,3,10498.39,15
1176,1038,43,1,2231.79,30
1177,272,47,4,10559.71,0
1178,101,7,5,8607.38,0
1179,828,15,4,12090.29,25
1180,679,106,2,3768.12,0
1181,886,40,4,507.4,15
1182,196,71,5,12227.05,30
1183,889,124,3,7657.08,25
1184,589,86,6,1569.33,50
1185,438,25,6,10431.23,25
1186,1141,136,3,2149.99,0
1187,62,9,1,11640.8,0
1188,931,126,2,13130.31,30
1189,116,10,6,11455.51,20
1190,53,67,5,7140.9,25
1191,498,20,2,2352.39,5
1192,1205,41,2,12446.84,0
1193,898,125,4,590.53,30
1194,24,4,5,6291.71,0
1195,491,145,2,4629.9,15
1196,1084,77,3,12172.73,10
1197,650,35,4,1172.49,50
1198,1049,101,3,4582.79,10
1199,154,50,-2,10368.15,0
1200,112,117,4,12950.33,30
1201,35,123,4,3605.04,20
1202,864,73,5,8224.64,10
1203,332,58,6,141.48,5
1204,674,80,2,7711.79,50
1205,283,125,3,2813.93,0
1206,835,98,6,12716.62,0
1207,522,64,2,2767.73,0
1208,761,133,5,6970.06,15
1209,558,150,1,1265.49,5
1210,374,102,5,12608.19,5
1211,190,99,5,9435.25,5
1212,485,101,4,1097.67,15
1213,318,141,1,6755.05,0
1214,821,79,4,8645.57,30
1215,864,15,6,11560.69,10
1216,732,140,4,3323.01,10
1217,332,23,4,12203.67,0
1218,247,143,4,2711.29,15
1219,1010,116,4,3096.09,0
1220,616,35,6,217.34,0
1221,1165,18,2,3356.0,0
1222,532,84,4,1315.4,5
1223,475,75,6,11961.36,20
1224,481,38,2,10413.71,25
1225,138,97,-2,6938.55,25
1226,348,8,2,8348.58,20
1227,15,122,4,5482.21,10
1228,495,1,5,6699.37,5
1229,1011,59,6,10526.66,0
1230,950,119,4,11080.99,20
1231,462,48,6,9887.28,25
1232,1109,76,4,824.21,25
1233,842,39,2,3500.78,0
1234,354,108,1,12435.14,0
1235,571,5,2,12414.68,10
1236,700,48,4,4880.29,15
1237,668,82,1,4893.45,25
1238,410,15,2,7052.92,10
1239,540,6,4,10135.75,10
1240,1011,111,1,14383.6,20
1241,355,57,1,6155.56,0
1242,337,27,1,56.94,0
1243,741,63,5,13461.13,0
1244,830,94,1,13115.77,25
1245,62,128,2,9398.42,10
1246,56,39,2,10205.68,50
1247,1148,147,2,1410.27,25
1248,516,99,1,2170.91,0
1249,158,51,4,135.1,0
1250,661,92,3,10281.54,20
1251,712,26,1,2767.09,0
1252,378,22,6,3664.19,50
1253,1119,147,1,2508.1,0
1254,572,81,3,13896.89,0
1255,270,84,4,2221.05,0
1256,683,123,2,9791.98,10
1257,1008,77,2,2665.96,5
1258,819,108,5,1262.88,0
1259,320,103,5,3007.26,20
1260,269,2,4,9611.37,15
1261,71,83,3,10575.4,25
1262,243,121,5,9923.16,25
1263,751,60,1,12374.48,20
1264,588,144,2,4035.8,10
1265,424,37,4,12902.02,5
1266,1063,23,6,11814.5,15
1267,475,70,3,13768.75,20
1268,493,13,5,8177.87,0
1269,1195,128,1,3471.51,25
1270,437,102,2,12372.4,20
1271,814,110,6,2441.38,50
1272,11,15,1,9796.65,30
1273,247,8,4,1733.17,5
1274,751,133,1,6077.44,0
1275,339,92,3,5577.36,5
1276,1126,72,2,9122.03,25
1277,52,113,1,9044.82,10
1278,34,129,6,9618.29,10
1279,1196,14,3,1890.47,0
1280,440,92,2,13113.98,10
1281,797,90,3,4351.2,5
1282,604,113,1,4644.18,20
1283,863,33,2,14986.95,0
1284,759,149,-2,13487.87,30
1285,390,124,5,1050.16,5
1286,781,104,4,9392.69,30
1287,482,133,4,6274.36,0
1288,1084,106,3,12314.32,5
1289,564,15,5,7576.67,15
1290,514,62,6,8656.85,15
1291,348,19,4,238.6,30
1292,489,105,1,13132.34,50
1293,1193,106,1,3522.11,0
1294,40,143,2,4162.72,5
1295,1089,102,2,8048.03,0
1296,946,42,2,331.97,10
1297,895,135,3,7510.53,50
1298,741,88,5,9361.72,50
1299,286,53,6,12360.48,0
1300,17,75,1,4316.95,25
1301,779,100,1,4090.74,20
1302,620,54,4,5494.93,20
1303,575,50,4,9258.68,0
1304,556,101,1,4902.28,20
1305,1047,25,4,9372.92,0
1306,601,122,4,9952.75,50
1307,53,39,3,10099.07,30
1308,350,27,1,8250.12,30
1309,931,40,1,11326.04,15
1310,722,117,3,7108.79,20
1311,702,71,5,13857.91,0
1312,1044,22,2,8923.62,15
1313,131,136,4,11001.72,5
1314,1190,130,5,4308.31,5
1315,336,25,6,8937.04,30
1316,1152,53,6,6773.74,0
1317,871,132,-6,4147.04,5
1318,976,120,3,14075.24,0
1319,325,140,5,11497.35,20
1320,364,37,4,3320.51,10
1321,1096,36,2,6796.81,15
1322,1055,37,4,4697.28,30
1323,1072,96,4,7304.42,0
1324,678,46,4,5608.17,20
1325,972,47,4,3163.25,0
1326,609,9,1,633.26,30
1327,536,94,3,5499.49,5
1328,283,99,1,4553.04,0
1329,926,55,4,8210.9,0
1330,429,143,5,11123.54,15
1331,734,82,4,14778.02,30
1332,50,115,4,9213.24,15
1333,572,66,3,14334.9,10
1334,363,1,1,2774.5,15
1335,686,47,2,732.93,0
1336,899,58,2,13769.51,50
1337,666,35,4,13695.5,5
1338,422,114,2,11420.74,0
1339,422,52,5,4514.22,5
1340,603,48,6,14277.02,30
1341,1098,53,6,14525.42,50
1342,450,88,4,839.98,0
1343,400,32,5,1293.03,0
1344,81,11,2,5618.93,5
1345,594,52,6,5854.45,50
1346,213,10,-3,13419.26,0
1347,249,65,1,89.62,50
1348,634,79,2,10122.1,0
1349,998,51,1,11637.33,0
1350,418,60,4,11076.19,0
1351,884,107,1,4294.12,25
1352,188,49,6,1001.85,0
1353,865,91,2,8376.26,10
1354,988,27,1,12546.95,15
1355,31,28,4,14730.58,25
1356,1141,18,3,7224.79,25
1357,963,26,2,12516.19,0
1358,610,114,4,9654.54,0
1359,511,30,6,13642.31,0
1360,433,35,3,7076.54,0
1361,1177,72,1,11577.91,25
1362,444,4,5,6418.01,0
1363,270,2,1,5499.21,0
1364,234,21,6,13496.11,50
1365,191,30,3,8845.99,30
1366,1069,132,6,8587.76,25
1367,1089,59,4,964.96,0
1368,1020,29,2,13435.97,15
1369,98,84,4,9540.37,0
1370,832,36,5,5043.19,25
1371,585,120,3,13054.56,0
1372,535,59,2,10268.65,0
1373,261,148,5,11231.67,0
1374,695,148,5,7153.56,30
1375,911,119,4,6478.12,15
1376,907,110,1,8775.57,20
1377,377,93,2,5989.81,0
1378,822,108,2,12714.49,15
1379,270,12,4,9995.71,20
1380,1179,71,6,10044.03,25
1381,134,80,2,5971.0,50
1382,963,14,4,6182.24,50
1383,763,132,3,9579.54,20
1384,132,120,3,611.22,5
1385,1071,26,6,3748.07,0
1386,583,17,1,9421.57,0
1387,984,63,1,8755.34,15
1388,1006,84,4,6235.8,30
1389,1099,4,6,9776.87,10
1390,288,87,1,4933.26,0
1391,500,135,5,1194.22,15
1392,1066,72,5,3717.18,0
1393,564,114,6,9544.02,5
1394,304,143,2,3323.34,5
1395,1013,144,2,1233.03,50
1396,1058,54,1,6679.62,0
1397,288,145,3,12537.37,10
1398,38,64,5,10692.06,0
1399,990,113,4,14975.67,5
1400,909,11,2,53.69,15
1401,255,65,-1,9843.79,50
1402,806,94,1,8109.16,25
1403,523,90,2,13678.4,10
1404,15,86,5,13113.54,20
1405,272,76,1,3144.76,25
1406,821,138,4,9435.39,20
1407,760,12,2,13312.14,0
1408,836,28,2,6832.13,5
1409,425,88,6,8296.59,10
1410,579,34,2,1376.24,30
1411,375,128,3,7290.93,10
1412,937,79,6,3860.91,15
1413,1084,113,2,9363.46,5
1414,364,131,5,14928.18,30
1415,31,18,6,3998.5,20
1416,298,4,3,360.57,50
1417,549,116,5,3461.19,0
1418,417,73,5,6700.13,0
1419,1122,40,1,5077.36,20
1420,886,27,5,6066.77,0
1421,454,57,3,11736.15,15
1422,524,138,6,9350.38,50
1423,1132,91,2,8327.97,15
1424,169,119,1,4409.8,20
1425,61,23,6,13615.26,5
1426,337,123,-2,10032.36,30
1427,1010,140,6,6071.58,0
1428,1095,28,2,11126.7,25
1429,575,24,5,6072.05,0
1430,761,53,4,14396.29,5
1431,187,147,6,14612.59,25
1432,512,72,5,936.79,0
1433,841,49,-6,3401.68,50
1434,733,18,1,5644.88,15
1435,1013,142,6,7338.23,30
1436,518,32,4,14758.82,0
1437,179,20,1,11060.73,15
1438,88,44,1,10748.8,50
1439,510,106,6,1545.12,50
1440,581,22,6,11123.82,50
1441,390,136,3,14708.09,0
1442,228,57,1,5702.19,20
1443,235,12,1,9489.12,30
1444,435,7,3,13327.13,0
1445,785,60,6,2336.93,50
1446,723,66,3,2668.12,10
1447,57,27,2,1295.85,0
1448,850,109,1,4988.46,50
1449,607,123,6,11859.89,30
1450,137,16,4,7239.94,0
1451,892,149,5,6720.17,5
1452,29,106,1,6733.76,0
1453,368,42,4,12521.78,25
1454,1004,126,3,3819.06,20
1455,1072,27,1,3303.69,0
1456,857,20,1,595.42,10
1457,1103,57,5,8150.35,10
1458,1180,98,4,6727.93,0
1459,705,33,6,9249.79,5
1460,420,86,5,9540.46,10
1461,781,21,1,14885.18,50
1462,184,39,3,3066.69,5
1463,1016,136,3,2174.23,0
1464,316,55,5,958.41,0
1465,541,73,5,10885.43,20
1466,383,104,2,5567.26,30
1467,729,53,1,14257.22,20
1468,867,128,1,856.83,30
1469,346,83,1,8748.61,30
1470,216,64,2,10963.95,10
1471,938,150,3,8437.55,15
1472,965,60,6,12342.49,30
1473,42,17,5,1651.43,10
1474,937,107,1,2650.02,5
1475,478,87,2,10496.19,20
1476,1157,47,6,8931.3,30
1477,971,2,4,3710.93,0
1478,1193,16,6,14208.02,0
1479,621,109,3,1783.58,25
1480,817,38,5,14161.23,10
1481,732,147,1,13398.55,15
1482,530,115,4,7100.66,15
1483,443,18,5,9149.41,0
1484,19,114,6,2090.73,50
1485,1002,42,4,8188.37,30
1486,350,134,5,10021.34,10
1487,727,127,1,8875.32,0
1488,1153,17,3,13463.52,0
1489,1031,17,-2,4556.35,0
1490,515,123,1,12160.81,25
1491,238,29,4,1986.06,0
1492,945,53,4,5181.6,30
1493,1079,84,1,337.65,0
1494,226,44,4,2029.85,30
1495,968,150,2,1928.63,5
1496,378,111,6,2300.69,0
1497,45,78,5,12435.12,25
1498,590,118,5,8948.7,30
1499,343,83,2,7477.88,10
1500,831,44,3,8309.44,5
1501,47,121,2,10156.14,25
1502,1111,111,6,10386.53,30
1503,1091,86,4,14364.65,0
1504,766,125,5,138.77,20
1505,497,67,3,4312.08,50
1506,17,63,2,13088.12,5
1507,714,33,1,6454.7,30
1508,207,22,1,176.92,30
1509,57,37,6,1644.21,0
1510,247,72,6,6775.06,5
1511,249,49,2,13376.44,30
1512,699,102,6,7585.04,25
1513,464,116,2,3612.09,0
1514,40,29,3,8505.43,20
1515,278,40,1,4197.49,25
1516,997,13,5,14845.16,15
1517,1052,19,5,9422.77,20
1518,150,51,4,1296.62,5
1519,654,57,2,12088.71,0
1520,352,28,1,12623.36,0
1521,526,107,4,13158.74,5
1522,523,6,2,6191.15,20
1523,108,148,5,10357.93,0
1524,1079,143,3,13358.27,15
1525,565,55,4,10929.73,0
1526,267,134,5,11219.82,15
1527,779,4,2,6155.41,20
1528,98,60,3,4580.09,10
1529,1145,84,1,11352.02,10
1530,835,77,-2,13197.72,0
1531,675,98,4,5004.54,0
1532,906,76,1,7573.66,15
1533,395,122,2,7454.74,0
1534,97,42,2,9162.05,10
1535,972,82,2,5412.46,0
1536,559,105,-6,12362.15,20
1537,61,53,1,5039.75,5
1538,60,33,-5,1138.18,10
1539,25,70,-4,2534.84,15
1540,676,34,5,14256.66,0
1541,272,75,6,1115.8,20
1542,237,133,6,7154.39,25
1543,796,46,5,13737.72,25
1544,633,52,1,9467.98,20
1545,91,78,1,2957.68,50
1546,309,77,1,1272.85,25
1547,1158,27,-3,7531.55,10
1548,250,34,5,10885.11,0
1549,253,56,4,9431.82,0
1550,60,37,3,9144.24,15
1551,1155,48,-2,5430.22,25
1552,73,50,3,6502.74,20
1553,431,119,5,8768.62,15
1554,355,51,5,10606.16,0
1555,1139,79,3,7362.09,25
1556,1144,118,5,14981.18,50
1557,93,40,3,9976.62,20
1558,36,3,3,9315.34,30
1559,311,39,5,3039.91,0
1560,1024,87,3,6573.2,0
1561,615,75,4,10649.83,20
1562,390,17,2,2191.03,0
1563,1102,50,1,12344.85,15
1564,760,60,3,13985.9,0
1565,185,73,1,10261.47,30
1566,611,42,6,3263.5,50
1567,1189,31,6,10680.47,5
1568,232,144,4,9762.35,0
1569,1132,132,1,7076.23,0
1570,229,46,4,5782.9,0
1571,1181,139,4,7857.22,0
1572,34,25,4,9233.31,15
1573,1031,29,3,6314.04,30
1574,186,94,6,6782.92,5
1575,940,94,-2,8292.23,10
1576,302,113,2,5932.87,30
1577,247,76,6,13277.34,30
1578,941,52,3,13524.47,5
1579,134,22,-1,12940.63,0
1580,289,146,3,8759.37,0
1581,198,139,6,9692.47,0
1582,340,37,3,3106.7,50
1583,494,20,1,5519.37,30
1584,6,148,2,13051.17,25
1585,203,75,4,10949.41,10
1586,657,67,5,5768.38,5
1587,824,67,6,13765.77,50
1588,76,19,5,7657.81,15
1589,571,61,3,9070.92,0
1590,909,16,3,8184.05,5
1591,656,121,2,4848.23,0
1592,55,48,5,12846.38,5
1593,117,101,2,7062.55,0
1594,679,24,3,5382.61,0
1595,955,138,1,7554.87,0
1596,795,21,5,8629.09,0
1597,873,150,2,10386.98,25
1598,681,37,6,1476.07,0
1599,86,31,5,6725.04,15
1600,801,116,5,3409.58,0
1601,367,114,-4,182.62,0
1602,454,79,6,1141.26,10
1603,473,113,6,1374.13,50
1604,239,47,4,12726.76,50
1605,27,63,6,7110.48,25
1606,649,45,1,9152.3,0
1607,134,50,5,4036.21,0
1608,916,95,1,3232.17,15
1609,205,24,3,12784.21,10
1610,229,36,2,10708.23,25
1611,125,11,-2,14670.95,5
1612,639,49,2,8089.09,15
1613,188,18,6,3590.59,0
1614,1098,102,6,12029.22,15
1615,527,85,-1,3701.75,15
1616,40,31,5,6245.96,0
1617,773,99,6,4710.84,30
1618,405,132,5,6852.09,0
1619,674,63,3,4756.5,0
1620,767,147,2,10610.2,0
1621,888,62,-5,3373.27,50
1622,69,136,3,1096.92,10
1623,523,85,6,546.34,50
1624,86,10,4,8585.54,0
1625,1032,49,2,704.18,0
1626,66,147,1,13390.59,0
1627,236,109,1,5083.22,0
1628,646,36,3,2534.92,0
1629,208,33,4,2789.93,25
1630,1024,24,2,3049.08,15
1631,948,106,6,4530.66,0
1632,75,7,2,10252.16,0
1633,711,67,4,9283.65,0
1634,301,37,2,53.69,0
1635,263,123,6,14825.49,30
1636,691,117,6,5863.25,25
1637,1026,69,6,10764.01,5
1638,1044,38,1,5593.97,10
1639,1197,139,3,603.98,0
1640,365,88,4,8652.88,20
1641,148,74,1,11459.96,10
1642,191,112,3,3040.74,0
1643,246,78,2,13955.38,5
1644,1065,91,5,12572.53,20
1645,132,22,2,1460.7,0
1646,641,124,6,2657.0,20
1647,800,43,4,3190.96,10
1648,1093,133,6,946.53,30
1649,230,119,1,4539.19,50
1650,5,109,5,10802.52,20
1651,891,78,1,7452.67,15
1652,1063,88,2,8743.8,30
1653,367,30,4,7531.92,30
1654,444,70,6,11896.44,0
1655,604,138,2,12588.31,5
1656,50,42,1,9986.38,25
1657,170,89,6,9855.24,20
1658,287,141,4,4486.43,20
1659,696,61,4,12134.02,50
1660,385,127,5,6474.36,50
1661,928,27,2,10703.69,15
1662,573,25,2,5149.7,50
1663,1038,26,3,2363.73,0
1664,685,145,5,8168.3,15
1665,755,107,4,11309.49,0
1666,803,49,3,9438.67,25
1667,287,97,1,5786.77,25
1668,1152,83,3,6197.87,25
1669,260,96,6,12906.54,0
1670,87,41,3,3488.58,5
1671,562,93,3,11747.27,50
1672,207,95,1,10809.44,30
1673,885,78,1,6675.82,30
1674,449,34,2,7495.5,0
1675,1050,148,1,1742.29,25
1676,983,2,6,2147.19,30
1677,1185,51,2,10836.22,15
1678,701,59,4,8851.7,20
1679,806,138,2,7082.31,5
1680,591,141,4,13429.08,5
1681,837,50,1,4509.57,10
1682,861,66,6,71.72,0
1683,982,131,4,11343.68,0
1684,828,142,1,4489.17,0
1685,875,84,6,1176.67,10
1686,512,97,6,61.5,10
1687,209,7,4,12412.31,25
1688,1082,109,1,3633.78,0
1689,370,83,1,10145.92,5
1690,760,25,1,13777.14,20
1691,14,73,6,14630.38,25
1692,35,137,2,10272.18,15
1693,960,59,4,3024.83,10
1694,361,111,5,3933.44,25
1695,672,48,5,10850.19,25
1696,665,77,6,1719.67,0
1697,1095,8,1,5804.28,15
1698,204,89,3,4353.26,25
1699,860,17,1,6993.28,20
1700,403,3,3,6550.18,15
1701,701,34,3,8308.12,25
1702,241,23,3,3873.11,20
1703,485,11,4,6537.89,0
1704,164,141,5,8213.67,30
1705,1144,93,1,11973.68,15
1706,971,97,1,575.19,0
1707,284,127,6,5092.42,10
1708,1170,122,6,995.7,10
1709,145,40,5,13076.67,25
1710,529,98,2,12753.57,0
1711,860,7,2,5752.79,0
1712,808,42,5,158.27,30
1713,1112,69,2,6285.05,25
1714,85,112,2,5958.07,0
1715,1158,44,5,2833.25,0
1716,41,84,6,6324.91,15
1717,1080,114,5,6402.47,50
1718,386,61,6,79.13,0
1719,759,6,6,11858.7,20
1720,1027,21,6,6622.25,15
1721,587,132,1,5212.84,0
1722,308,2,3,10628.09,10
1723,364,121,2,12530.85,0
1724,205,10,5,640.73,0
1725,774,107,4,1215.49,0
1726,719,23,-2,13571.52,30
1727,670,84,2,10947.54,15
1728,476,19,2,13166.71,0
1729,638,95,5,1614.83,0
1730,137,49,3,6848.67,30
1731,620,67,1,8851.49,25
1732,239,142,1,5517.12,5
1733,593,150,5,14935.28,25
1734,61,47,6,14418.16,50
1735,125,18,5,14436.63,0
1736,496,95,5,6962.96,25
1737,887,116,3,13759.37,5
1738,956,150,5,9223.05,30
1739,671,92,5,2234.5,10
1740,262,10,6,808.08,0
1741,320,16,2,1166.57,0
1742,861,91,2,14042.74,50
1743,324,52,4,8547.93,50
1744,896,123,2,2619.92,30
1745,298,100,-1,13919.77,5
1746,771,48,3,7127.3,5
1747,982,55,6,8504.56,20
1748,860,115,3,6401.74,0
1749,884,130,4,6126.23,0
1750,365,10,4,9220.0,50
1751,687,105,6,14140.07,10
1752,495,138,5,7899.88,0
1753,1084,37,4,607.21,20
1754,461,33,4,14870.03,25
1755,1008,71,1,144.38,15
1756,880,50,3,864.91,50
1757,506,79,6,13527.11,5
1758,888,17,5,7297.62,50
1759,969,56,4,10348.51,0
1760,717,9,4,13615.6,30
1761,759,54,1,13557.5,5
1762,130,13,5,8055.32,0
1763,927,6,4,5424.83,0
1764,251,93,4,11332.75,25
1765,939,126,2,5169.52,25
1766,469,14,1,10145.25,0
1767,683,84,1,9452.71,10
1768,456,98,1,6327.09,0
1769,806,118,5,2148.29,50
1770,367,40,5,3722.42,0
1771,989,54,3,9648.43,0
1772,560,36,1,11220.14,50
1773,603,70,5,13348.7,50
1774,165,83,4,4180.85,15
1775,167,48,1,1419.21,20
1776,473,113,4,5998.36,50
1777,860,44,5,11031.49,25
1778,97,74,3,5541.09,25
1779,297,122,2,11145.95,15
1780,121,31,2,6761.36,0
1781,1061,135,5,13924.25,10
1782,885,114,2,1477.58,30
1783,494,114,6,6178.39,0
1784,256,40,4,9689.85,30
1785,751,69,2,8325.6,10
1786,478,54,1,5834.17,30
1787,261,83,6,13675.14,50
1788,154,1,2,4280.79,0
1789,900,117,5,6552.78,20
1790,77,128,3,1712.42,20
1791,1029,96,4,12670.32,15
1792,345,110,1,5440.89,30
1793,638,17,3,14267.06,0
1794,1166,150,4,13393.48,20
1795,833,49,2,1716.55,0
1796,1021,47,5,5211.46,0
1797,764,125,1,11703.56,0
1798,603,37,4,8419.74,0
1799,204,139,5,3395.9,0
1800,368,47,1,7449.88,0
1801,422,48,1,6063.18,0
1802,1210,24,4,2411.08,10
1803,1089,61,2,14241.07,0
1804,398,123,6,5135.7,20
1805,309,146,1,3085.21,0
1806,556,55,6,8250.51,30
1807,983,17,6,3271.36,20
1808,45,148,4,721.31,25
1809,234,21,5,14791.77,25
1810,705,49,6,14563.16,20
1811,510,46,-5,7803.4,0
1812,288,62,5,14358.09,5
1813,978,1,-2,2572.47,0
1814,817,69,5,7865.75,0
1815,950,90,4,9940.71,10
1816,1035,38,5,13227.55,5
1817,1132,123,3,12485.47,20
1818,1111,104,2,1616.09,20
1819,924,139,6,689.2,30
1820,296,139,6,12947.87,50
1821,1008,146,3,14817.84,15
1822,352,42,1,8131.01,20
1823,814,14,5,612.97,0
1824,953,131,1,9234.77,0
1825,1131,15,2,9543.52,30
1826,1158,110,5,6992.83,0
1827,985,99,-1,1299.99,10
1828,322,146,2,7780.36,30
1829,42,4,6,9092.83,0
1830,932,98,6,9073.95,25
1831,420,120,4,11092.3,0
1832,593,74,5,285.81,25
1833,264,58,3,13848.92,0
1834,1086,47,6,7948.5,0
1835,581,72,2,255.83,30
1836,202,131,2,446.97,25
1837,763,121,3,8241.48,15
1838,247,42,3,1134.51,5
1839,388,96,4,4367.02,5
1840,305,4,6,11632.79,0
1841,921,35,3,10625.4,15
1842,1111,141,6,14743.06,0
1843,1131,131,2,2462.62,15
1844,608,79,3,10903.5,0
1845,68,119,1,8925.04,0
1846,282,50,5,10562.83,10
1847,720,30,1,6366.11,0
1848,529,41,3,10557.1,0
1849,245,51,3,8562.65,0
1850,146,51,5,3189.01,0
1851,422,113,3,7975.13,0
1852,1059,97,1,2416.94,50
1853,506,139,6,9928.08,0
1854,275,131,2,2766.58,0
1855,485,33,1,2033.88,15
1856,1029,133,4,8722.65,15
1857,783,132,6,13915.24,10
1858,287,104,4,8964.86,15
1859,1036,38,1,4161.54,15
1860,9,94,5,1640.92,0
1861,163,95,6,1431.05,30
1862,58,86,6,13183.48,30
1863,58,143,4,5877.13,10
1864,443,21,4,6712.44,0
1865,1159,48,1,11067.35,20
1866,282,51,1,999.68,20
1867,136,57,4,2525.78,25
1868,853,46,2,14899.99,0
1869,854,89,1,9087.55,0
1870,171,126,4,2489.57,15
1871,456,21,1,12849.57,0
1872,131,119,4,7412.44,30
1873,809,134,6,3325.12,15
1874,860,125,1,5535.04,30
1875,719,126,1,14443.39,0
1876,274,102,2,4681.89,10
1877,1104,126,3,9533.89,0
1878,1,78,4,8543.26,0
1879,297,58,3,11808.45,0
1880,1210,112,4,2798.12,20
1881,1158,24,5,7999.85,30
1882,250,148,2,1243.31,5
1883,879,69,1,8837.14,0
1884,186,132,2,7041.94,0
1885,663,1,2,5051.11,0
1886,1094,19,3,11119.42,50
1887,751,91,4,7532.49,0
1888,379,54,1,489.5,0
1889,548,134,6,105.22,30
1890,651,25,3,11589.8,0
1891,494,32,2,14407.16,30
1892,1036,41,2,10767.6,0
1893,533,42,4,14889.57,5
1894,168,87,4,7881.82,0
1895,168,86,2,13776.54,0
1896,997,82,3,7974.64,0
1897,1142,110,4,4900.6,50
1898,461,6,1,6904.22,0
1899,929,123,6,12920.52,25
1900,21,11,3,6520.92,10
1901,100,29,4,14474.86,0
1902,612,123,1,6672.1,5
1903,1196,71,5,3027.89,0
1904,34,145,4,14398.83,15
1905,147,18,3,1828.35,15
1906,488,110,4,734.59,50
1907,766,124,3,3009.7,15
1908,188,130,2,9806.64,30
1909,1074,59,6,9980.45,20
1910,1155,93,6,14174.64,0
1911,739,75,2,5666.42,20
1912,261,139,3,14200.89,50
1913,866,119,4,5403.64,25
1914,523,150,2,8987.86,50
1915,903,114,5,2476.57,25
1916,1186,83,1,5964.05,30
1917,454,1,5,8618.36,5
1918,357,19,5,8539.61,25
1919,472,136,2,1547.06,0
1920,921,4,3,10776.03,50
1921,881,104,4,9726.63,20
1922,225,147,1,9314.68,50
1923,994,123,5,3537.82,0
1924,43,111,3,6925.98,30
1925,1088,84,5,12841.0,0
1926,90,70,5,12772.32,0
1927,935,23,5,8052.21,15
1928,998,35,3,2335.21,10
1929,1047,20,2,8576.97,20
1930,1133,144,1,11375.51,10
1931,183,108,2,5246.0,0
1932,460,67,3,737.75,10
1933,205,139,5,7334.1,50
1934,644,92,6,3079.15,20
1935,854,110,3,6707.53,20
1936,309,119,6,8700.01,25
1937,919,105,4,7916.57,50
1938,397,94,3,12602.71,0
1939,92,61,3,7628.72,0
1940,676,60,3,1447.41,15
1941,880,16,2,10791.97,25
1942,1210,97,1,2474.17,0
1943,595,74,2,5878.44,30
1944,572,21,3,1143.78,15
1945,1135,59,1,4178.74,0
1946,116,1,6,1959.5,0
1947,1187,21,3,8294.15,0
1948,22,147,1,3034.65,25
1949,1031,21,5,6161.19,0
1950,700,23,3,4162.44,0
1951,772,12,3,5134.05,50
1952,846,6,2,202.93,0
1953,192,129,5,12288.65,15
1954,1161,55,6,2609.33,0
1955,410,70,4,12401.13,0
1956,20,149,4,1717.28,25
1957,616,3,2,8611.23,30
1958,927,112,5,1290.36,30
1959,906,93,5,8813.52,15
1960,822,15,5,9976.35,5
1961,852,130,6,12024.89,20
1962,677,102,4,2559.72,15
1963,646,58,4,13378.12,0
1964,622,46,3,5770.24,10
1965,272,80,1,4341.79,10
1966,241,75,6,8992.06,15
1967,218,18,3,9136.87,0
1968,976,147,6,10299.87,20
1969,25,53,6,1821.84,10
1970,964,106,3,11367.98,0
1971,63,19,5,13417.75,10
1972,1091,13,4,14606.86,0
1973,251,101,3,1907.75,30
1974,601,10,1,4538.07,0
1975,727,46,5,13291.96,0
1976,1209,2,1,4144.9,10
1977,944,147,5,6010.46,20
1978,832,92,5,6540.48,10
1979,867,150,2,11850.31,0
1980,203,120,6,731.53,0
1981,1106,94,5,1491.15,25
1982,203,134,1,4842.27,30
1983,34,59,4,6018.63,25
1984,667,37,5,12259.19,25
1985,1170,73,4,14306.44,5
1986,389,77,6,4444.15,10
1987,1188,82,1,3457.89,10
1988,1062,43,1,9072.38,50
1989,602,57,4,13602.61,10
1990,263,98,2,8789.12,15
1991,982,114,6,2480.65,20
1992,383,148,-6,6315.57,20
1993,1102,14,6,11091.17,30
1994,5,16,-1,7809.01,5
1995,215,71,4,3844.21,5
1996,260,10,3,14273.43,5
1997,728,115,4,8962.6,25
1998,349,148,4,8310.52,0
1999,778,121,1,7036.33,0
2000,843,116,1,7527.86,25
2001,159,66,5,7615.99,0
2002,276,33,2,14683.78,10
2003,503,14,6,13079.9,0
2004,981,41,2,8803.14,30
2005,452,52,5,3629.36,0
2006,909,12,3,10346.31,20
2007,451,122,1,7563.67,50
2008,206,83,3,688.49,15
2009,667,44,3,359.73,30
2010,370,58,6,10124.55,0
2011,465,49,5,2655.88,10
2012,856,44,6,11521.23,0
2013,1175,115,3,7311.23,50
2014,402,150,4,9423.32,0
2015,866,103,1,11214.17,0
2016,180,147,4,14894.6,0
2017,859,46,1,2164.91,15
2018,274,5,2,5799.5,30
2019,610,26,4,659.02,20
2020,674,119,6,7777.72,10
2021,359,4,5,9866.32,10
2022,1064,68,1,6426.39,0
2023,206,73,3,7821.14,50
2024,36,108,1,5271.88,0
2025,1077,92,4,4270.78,50
2026,477,129,3,5462.34,10
2027,730,63,1,14388.17,30
2028,640,24,3,3955.22,15
2029,1038,74,2,12375.81,5
2030,433,6,4,11882.3,0
2031,688,94,5,11772.6,20
2032,191,145,2,5161.37,0
2033,798,48,4,14499.96,15
2034,333,102,6,4485.96,20
2035,1121,75,5,6873.72,10
2036,702,16,4,7650.03,20
2037,15,98,4,12869.52,15
2038,331,131,1,11328.0,10
2039,932,135,4,11821.23,30
2040,244,91,5,5522.47,0
2041,63,22,3,11145.86,50
2042,397,107,2,8544.39,5
2043,648,18,-4,1232.02,10
2044,355,1,3,5292.74,15
2045,642,44,5,4598.32,10
2046,1159,92,-1,12905.98,0
2047,878,127,1,11914.16,0
2048,344,95,3,14382.44,30
2049,130,42,2,7855.2,30
2050,1100,113,2,7063.96,0
2051,1066,143,6,13518.66,50
2052,680,80,1,14931.66,0
2053,429,44,1,14836.85,0
2054,292,85,3,6705.52,20
2055,56,57,5,3565.61,15
2056,987,96,2,1965.23,20
2057,971,107,6,13996.01,25
2058,1091,33,5,4645.24,15
2059,1075,20,5,10298.09,25
2060,1074,75,2,13225.53,0
2061,515,70,5,6059.21,50
2062,1167,24,5,8906.75,5
2063,513,73,5,4136.41,20
2064,229,37,6,12139.52,0
2065,370,139,1,8610.25,20
2066,510,90,1,14238.3,0
2067,593,67,1,8432.03,0
2068,26,29,3,12397.27,20
2069,203,37,2,8182.59,25
2070,991,105,6,5076.53,0
2071,395,74,6,6221.34,15
2072,237,41,4,8077.25,0
2073,504,141,2,4143.14,25
2074,1090,148,6,10759.59,0
2075,874,104,4,7382.46,25
2076,584,11,1,9237.12,0
2077,192,88,2,1447.98,10
2078,76,86,2,8038.02,5
2079,412,73,3,11464.66,10
2080,693,54,6,13816.66,25
2081,657,102,1,10911.1,15
2082,661,27,6,13520.31,0
2083,649,79,1,1401.97,20
2084,1102,146,2,6536.11,10
2085,544,142,4,14098.92,25
2086,795,40,3,9271.74,0
2087,942,46,4,13426.66,30
2088,134,105,5,9297.86,0
2089,1198,141,1,14739.74,0
2090,658,116,3,12021.46,20
2091,824,60,4,10042.21,0
2092,455,47,1,4486.71,15
2093,287,81,1,14663.6,15
2094,1016,51,6,7470.12,15
2095,1042,44,1,644.19,30
2096,472,36,4,3207.92,20
2097,679,83,1,4067.5,15
2098,382,31,1,6079.0,10
2099,87,91,3,11473.27,10
2100,1010,112,6,8035.28,10
2101,688,91,1,5986.14,5
2102,1005,130,5,12840.06,0
2103,755,36,1,5450.04,30
2104,1170,41,6,8019.04,10
2105,919,23,4,6092.9,15
2106,825,41,4,12583.04,20
2107,214,83,5,5862.69,25
2108,763,87,4,161.2,15
2109,51,33,1,1762.29,15
2110,830,97,5,6223.94,10
2111,33,71,6,4882.9,0
2112,146,112,4,613.57,10
2113,819,143,5,7456.71,50
2114,795,103,3,6019.47,10
2115,875,10,5,8047.47,0
2116,246,109,1,3439.3,50
2117,633,113,1,14188.17,25
2118,81,143,5,10243.84,5
2119,1054,32,1,12101.15,20
2120,935,46,1,4023.16,10
2121,1024,70,2,6380.94,30
2122,525,47,6,12869.96,5
2123,967,35,6,14658.82,20
2124,600,106,2,1989.56,30
2125,47,11,1,14984.08,10
2126,921,44,1,8799.08,0
2127,506,25,3,7941.81,5
2128,755,136,4,4678.3,10
2129,1209,87,3,6905.11,20
2130,171,26,4,7753.27,5
2131,115,116,5,9883.89,25
2132,275,15,1,14506.36,20
2133,942,121,3,6931.12,50
2134,261,120,5,6175.79,25
2135,30,80,3,5494.6,25
2136,343,25,4,714.63,0
2137,760,113,6,8975.17,0
2138,296,105,1,11449.41,30
2139,271,4,3,14266.96,0
2140,349,100,3,9927.44,50
2141,531,140,4,14378.7,25
2142,1084,2,3,3916.99,0
2143,993,148,5,12639.6,50
2144,1107,8,1,13529.02,15
2145,284,149,5,7808.23,0
2146,2,130,1,13741.86,10
2147,418,42,3,13979.53,10
2148,616,106,1,5098.36,0
2149,9,19,2,6582.21,0
2150,1101,129,6,4382.01,30
2151,1043,27,3,10162.66,25
2152,653,15,2,11919.39,15
2153,591,114,3,5937.41,15
2154,1127,7,6,4892.07,0
2155,7,133,5,11683.27,0
2156,164,29,2,10552.61,20
2157,170,110,-3,13991.99,0
2158,811,51,1,12381.93,15
2159,342,19,2,7963.18,20
2160,448,11,2,4771.28,50
2161,861,28,1,3216.19,0
2162,241,134,3,11586.29,50
2163,1104,113,-2,3914.03,50
2164,412,62,6,9033.09,0
2165,475,24,5,9836.6,0
2166,1076,45,1,13010.66,10
2167,970,134,6,11420.69,0
2168,310,74,1,13864.71,20
2169,82,64,3,14323.86,5
2170,342,11,3,12718.37,5
2171,309,45,3,11835.23,15
2172,14,126,2,13317.65,0
2173,527,98,1,2396.38,30
2174,590,46,5,14372.18,0
2175,427,10,2,1376.49,30
2176,310,48,2,5899.81,0
2177,243,37,3,14030.77,30
2178,935,15,6,2669.69,20
2179,697,138,1,11748.63,10
2180,750,64,5,13831.29,0
2181,199,57,-2,4902.9,0
2182,583,110,5,5540.76,20
2183,134,23,3,9987.3,25
2184,684,53,4,5859.15,15
2185,902,71,1,2448.25,25
2186,422,63,2,8547.38,50
2187,522,121,4,152.39,20
2188,203,70,6,4687.75,20
2189,403,105,5,199.15,25
2190,424,53,6,10826.45,0
2191,933,149,6,4087.5,50
2192,809,57,2,1396.36,50
2193,980,49,3,5753.66,0
2194,512,12,6,5951.05,5
2195,594,81,1,2541.65,30
2196,218,60,6,1484.84,30
2197,1094,20,6,9601.11,25
2198,894,123,2,6410.78,0
2199,1157,49,2,2782.14,0
2200,1033,78,1,3675.85,25
2201,237,64,3,12399.34,15
2202,968,30,4,1366.96,50
2203,126,114,6,1326.34,20
2204,49,113,4,943.8,20
2205,622,138,5,4656.72,25
2206,8,131,4,10568.71,20
2207,1076,26,3,14620.85,15
2208,598,34,3,5098.93,50
2209,298,88,5,11184.67,50
2210,266,52,6,11384.61,20
2211,855,22,4,160.76,20
2212,460,57,2,6633.32,5
2213,131,18,2,7865.57,5
2214,767,51,-6,6646.23,0
2215,634,144,6,9120.63,15
2216,1124,113,6,11083.47,5
2217,332,134,6,3000.65,0
2218,202,35,2,11487.9,25
2219,446,108,5,11568.97,0
2220,769,71,6,9220.19,20
2221,911,137,-5,5906.55,0
2222,840,41,5,7070.04,10
2223,815,76,3,11619.39,25
2224,525,86,2,3942.11,0
2225,532,2,3,10325.2,50
2226,23,133,3,10477.69,30
2227,851,30,3,13297.66,5
2228,256,25,4,521.91,5
2229,650,69,2,4431.33,5
2230,532,101,6,14719.91,25
2231,871,131,2,5975.55,25
2232,871,34,2,5574.47,20
2233,980,145,6,12568.13,50
2234,970,99,5,6369.39,50
2235,156,71,5,8220.86,20
2236,147,110,3,4931.78,15
2237,408,52,2,2342.1,5
2238,501,115,1,7874.7,0
2239,220,4,6,11346.99,15
2240,659,95,1,1601.7,5
2241,656,125,3,8067.84,5
2242,261,139,3,4945.54,15
2243,938,101,5,13816.24,25
2244,332,123,2,4205.07,0
2245,545,124,2,12947.93,0
2246,1122,122,4,3772.78,5
2247,286,142,6,8256.83,20
2248,764,140,6,3399.71,0
2249,910,71,6,5433.59,50
2250,192,141,4,5203.53,0
2251,394,44,4,7380.88,10
2252,398,82,4,2512.74,30
2253,169,97,3,12264.15,20
2254,254,26,6,7421.21,5
2255,819,94,1,12270.2,0
2256,134,130,4,7074.9,15
2257,491,45,4,13824.72,15
2258,1189,103,3,5244.18,10
2259,1141,42,2,4797.43,0
2260,571,55,6,11252.13,30
2261,660,62,2,14024.83,25
2262,157,96,6,9958.06,0
2263,802,48,3,8081.72,0
2264,387,144,-5,7381.7,5
2265,486,64,4,13363.83,15
2266,642,130,5,11330.44,25
2267,1032,148,6,6300.3,0
2268,365,119,1,9871.21,15
2269,287,8,1,11100.44,0
2270,1215,8,4,2653.05,10
2271,893,111,6,4066.65,0
2272,189,17,3,7246.65,20
2273,577,69,1,13785.7,0
2274,56,104,4,1591.3,0
2275,437,112,4,5559.11,20
2276,286,7,2,7757.79,30
2277,1006,112,6,6390.86,20
2278,876,126,5,6585.72,15
2279,348,15,2,525.37,15
2280,383,31,2,2756.61,25
2281,1107,112,6,10086.86,10
2282,588,102,1,959.44,50
2283,286,80,5,6742.29,10
2284,1010,57,2,4383.15,0
2285,926,21,-4,4956.08,50
2286,67,102,3,2386.29,15
2287,583,42,5,3293.52,0
2288,280,108,1,14012.71,15
2289,35,39,6,5561.16,20
2290,1170,115,2,2641.39,25
2291,403,129,4,6757.1,0
2292,536,58,1,9440.51,0
2293,1212,33,3,1703.63,10
2294,463,27,6,498.32,0
2295,1033,147,3,4942.07,10
2296,919,38,1,6694.63,0
2297,852,24,4,5051.62,0
2298,1048,141,-4,1343.81,25
2299,1027,140,1,8653.2,10
2300,542,137,2,10183.75,30
2301,510,50,3,2787.52,20
2302,1009,56,2,4879.15,5
2303,906,105,5,12851.08,10
2304,218,148,6,14328.49,30
2305,414,55,2,9897.05,30
2306,781,34,6,6310.07,10
2307,1159,42,3,9055.04,20
2308,80,39,5,13231.42,20
2309,774,44,4,4747.47,20
2310,520,40,3,10071.78,50
2311,659,12,3,4088.78,30
2312,784,96,2,14931.8,5
2313,895,39,1,1007.91,5
2314,680,23,1,8631.34,20
2315,845,48,5,9427.46,20
2316,670,73,6,6397.66,20
2317,200,14,3,2902.24,20
2318,996,100,4,6141.31,5
2319,1061,38,5,6360.73,30
2320,577,118,2,10017.32,15
2321,155,30,2,4635.87,5
2322,688,52,3,6576.96,50
2323,959,148,1,2259.71,20
2324,328,126,1,6309.26,15
2325,3,124,2,11002.65,20
2326,421,49,5,2123.48,50
2327,103,79,4,9544.61,0
2328,589,15,5,2861.78,0
2329,784,142,2,5917.81,30
2330,145,135,2,185.94,25
2331,905,125,5,2137.88,25
2332,555,87,-2,5913.87,10
2333,1191,30,6,854.19,30
2334,56,43,2,12882.29,0
2335,649,107,2,6812.64,25
2336,377,120,6,1175.17,30
2337,988,53,6,11928.76,10
2338,652,24,6,9704.14,10
2339,745,63,5,8125.45,15
2340,303,127,6,5436.92,20
2341,851,28,4,12198.36,10
2342,472,54,2,6393.04,10
2343,1049,142,6,1306.01,15
2344,444,106,-1,1969.34,0
2345,359,77,1,14890.35,15
2346,174,10,6,10635.49,0
2347,307,78,3,1848.45,10
2348,800,98,6,10299.91,50
2349,962,77,4,661.11,0
2350,15,47,3,10122.36,30
2351,308,148,4,10792.17,0
2352,670,78,5,3649.55,20
2353,895,24,6,10286.47,15
2354,680,142,3,13728.75,15
2355,1088,94,1,11092.49,20
2356,685,132,5,848.25,10
2357,1119,96,5,1048.94,0
2358,419,105,1,7152.9,20
2359,1153,136,5,8020.69,30
2360,571,13,4,13519.3,20
2361,481,23,6,14366.74,10
2362,81,105,1,14345.35,50
2363,716,32,2,681.82,0
2364,5,143,4,1229.28,50
2365,1117,9,6,5581.82,30
2366,564,139,5,7562.87,50
2367,184,124,6,9878.28,30
2368,603,78,4,12511.03,10
2369,517,56,-5,234.79,0
2370,886,6,4,144.99,20
2371,495,134,3,1172.08,50
2372,138,95,1,10819.68,0
2373,731,104,3,10947.48,10
2374,156,49,2,11356.48,5
2375,235,4,6,9277.41,10
2376,798,91,2,12878.8,5
2377,1206,47,2,12732.44,10
2378,313,36,5,5843.5,20
2379,879,64,6,6223.73,0
2380,1031,24,4,753.17,10
2381,1100,62,1,4192.37,0
2382,1160,11,6,13274.76,20
2383,129,91,6,5011.38,0
2384,185,121,5,12389.47,20
2385,216,109,6,1952.87,0
2386,175,33,5,2192.7,0
2387,607,2,2,12506.16,5
2388,1192,27,3,12627.68,30
2389,832,124,4,9777.11,20
2390,788,133,4,6672.56,5
2391,643,93,4,3261.45,15
2392,79,8,6,4229.98,30
2393,162,95,4,14895.05,25
2394,82,95,3,6994.38,15
2395,702,58,3,2293.82,50
2396,256,24,2,8695.64,30
2397,103,26,5,1655.33,20
2398,945,129,6,9079.9,15
2399,652,121,1,6816.9,5
2400,562,122,3,12803.05,20
2401,111,46,2,6121.54,50
2402,558,11,4,3869.01,25
2403,960,139,5,11695.14,20
2404,245,36,2,11413.86,0
2405,833,141,6,2184.68,20
2406,194,16,5,2388.97,15
2407,984,95,4,7361.86,30
2408,1143,144,6,3263.95,30
2409,1206,116,1,3625.47,0
2410,810,85,2,2534.76,10
2411,986,17,3,900.7,20
2412,108,68,6,2971.43,0
2413,264,38,5,5794.19,5
2414,208,132,5,14326.65,30
2415,648,72,6,1722.53,25
2416,230,61,3,13396.71,0
2417,1016,37,2,12073.76,10
2418,1087,42,3,13691.32,10
2419,1073,85,3,9448.86,0
2420,789,13,2,264.11,0
2421,366,131,3,718.57,5
2422,796,50,5,2086.35,50
2423,298,54,2,14737.95,0
2424,228,43,1,3805.87,25
2425,748,65,2,14731.44,0
2426,930,76,1,13791.8,0
2427,634,126,2,5278.35,20
2428,266,82,5,7433.91,0
2429,821,119,5,4108.9,25
2430,143,46,6,5221.98,0
2431,120,123,3,13934.79,0
2432,590,121,5,6839.28,0
2433,1031,112,2,5018.12,30
2434,455,69,5,10465.48,5
2435,470,22,6,5875.81,25
2436,96,35,2,374.28,0
2437,370,16,6,14158.21,0
2438,847,118,2,4230.96,50
2439,244,112,6,4478.1,0
2440,35,51,6,7907.34,0
2441,755,57,6,301.43,25
2442,577,69,5,5856.88,5
2443,321,91,3,13000.79,0
2444,491,4,4,4178.95,5
2445,509,92,6,9015.37,0
2446,1096,119,4,8546.13,30
2447,1083,35,4,3544.52,15
2448,1108,38,3,5234.48,0
2449,624,48,5,11599.1,10
2450,206,130,4,923.89,0
2451,903,47,3,4178.36,25
2452,744,117,1,13457.04,0
2453,101,100,2,9549.7,25
2454,391,105,2,11125.88,0
2455,988,81,4,824.86,25
2456,14,82,5,2488.81,0
2457,1064,96,5,8590.24,0
2458,1039,96,4,8109.54,0
2459,931,13,4,589.0,5
2460,638,22,6,10256.34,10
2461,561,136,4,14904.78,50
2462,392,7,1,1860.08,0
2463,310,91,1,9310.42,10
2464,125,143,1,1477.58,0
2465,838,21,6,12284.2,30
2466,1023,104,1,10795.58,15
2467,853,77,1,11752.21,15
2468,764,87,1,11584.94,30
2469,1038,63,-4,7480.67,20
2470,1163,79,4,10115.52,0
2471,735,123,6,3306.75,0
2472,1071,78,1,3696.91,50
2473,1113,110,1,10931.92,20
2474,497,101,2,5895.44,5
2475,742,123,4,11293.18,20
2476,761,114,1,4809.29,25
2477,776,36,4,669.86,25
2478,881,131,5,8602.02,25
2479,34,24,4,14366.3,0
2480,900,138,6,11822.61,50
2481,926,140,5,12163.38,0
2482,897,60,4,3512.85,30
2483,687,86,-6,4930.29,0
2484,570,49,4,205.92,20
2485,266,71,3,11864.36,15
2486,971,34,4,10382.44,0
2487,975,138,3,12403.09,5
2488,157,9,1,10463.69,15
2489,1205,23,4,6986.96,0
2490,971,9,3,10545.61,0
2491,682,5,4,14478.03,0
2492,534,74,3,1268.51,20
2493,271,113,6,11481.38,25
2494,829,149,2,5855.73,0
2495,125,79,3,10561.01,25
2496,952,73,1,7369.84,15
2497,211,98,6,13243.14,50
2498,702,137,5,990.87,10
2499,1185,43,4,4483.24,20
2500,584,1,3,13314.88,0
