customer_id,customer_name,email,registration_date,customer_type
1,Krishna Sharma,krishna.sharma1@yahoo.com,2024-03-03 05:50:10,PREMIUM
2,Chen Gupta,chen.gupta2@gmail.com,2025-07-06 07:09:23,REGULAR
3,Myra Miller,myra.miller3@yahoo.com,2025-07-24 04:53:06,PREMIUM
4,Chen Brown,chen.brown4@outlook.com,2023-12-09 10:37:19,PREMIUM
5,Aarav Kim,aarav.kim5@outlook.com,2023-09-06 00:31:50,REGULAR
6,Saanvi Kim,saanvi.kim6@hotmail.com,2024-06-06 21:09:15,REGULAR
7,Robert Li,robert.li7@hotmail.com,2024-02-15 22:03:09,REGULAR
8,William Gupta,william.gupta8@example.com,2025-05-07 13:33:59,PREMIUM
9,Michael Wang,michael.wang9@gmail.com,2023-10-26 17:02:17,REGULAR
10,Kiara Gupta,kiara.gupta10@hotmail.com,2023-12-28 15:04:23,REGULAR
11,Michael Singh,michael.singh11@outlook.com,2024-07-29 01:20:48,PREMIUM
12,Arjun Li,arjun.li12@yahoo.com,2025-09-13 09:42:23,REGULAR
13,William Mehta,william.mehta13@yahoo.com,2025-09-21 04:55:13,REGULAR
14,Vihaan Rao,vihaan.rao14@hotmail.com,2023-02-19 20:47:01,REGULAR
15,Saanvi Wang,saanvi.wang15@hotmail.com,2024-05-03 20:02:30,REGULAR
16,Elizabeth Kumar,elizabeth.kumar16@example.com,2024-02-16 11:26:54,REGULAR
17,Omar Brown,omar.brown17@yahoo.com,2025-06-25 11:41:03,VIP
18,Ishaan Miller,ishaan.miller18@gmail.com,2025-02-05 15:36:14,PREMIUM
19,Rohan Zhang,rohan.zhang19@hotmail.com,2023-09-06 12:33:40,REGULAR
20,William Williams,william.williams20@example.com,2025-07-14 16:19:50,REGULAR
21,Fatima Tanaka,fatima.tanaka21@gmail.com,2023-01-18 20:02:36,REGULAR
22,Chen Kim,chen.kim22@outlook.com,2024-02-19 11:57:50,REGULAR
23,Jennifer Singh,jennifer.singh23@,2024-12-05 20:02:45,VIP
24,Diya Miller,diya.miller24@outlook.com,2023-06-15 07:16:58,PREMIUM
25,Hiro Li,hiro.li25@yahoo.com,2023-11-05 23:56:36,REGULAR
26,Yuki Sharma,yuki.sharma26@gmail.com,2025-07-19 10:16:21,REGULAR
27,Michael Nakamura,michael.nakamura27@yahoo.com,2024-04-22 16:57:27,PREMIUM
28,Sai Gupta,sai.gupta28@example.com,2025-01-24 23:02:15,PREMIUM
29,Ishaan Khan,ishaan.khan29@yahoo.com,2025-01-08 07:48:40,REGULAR
30,Layla Brown,layla.brown30@yahoo.com,2023-11-26 00:24:33,PREMIUM
31,Mary Khan,mary.khan31@example.com,2025-10-06 13:12:36,REGULAR
32,Pari Rao,pari.rao32@example.com,2023-04-10 11:03:30,REGULAR
33,Omar Rao,omar.rao33@gmail.com,2023-01-12 04:05:38,REGULAR
34,Aditya Tanaka,aditya.tanaka34@yahoo.com,2024-05-28 07:16:01,REGULAR
35,Ming Reddy,ming.reddy35@example.com,2025-04-17 16:05:53,REGULAR
36,Pari Park,pari.park36@yahoo.com,2025-01-04 17:42:33,REGULAR
37,Jennifer Johnson,jennifer.johnson37@gmail.com,2024-10-20 00:09:20,REGULAR
38,Reyansh Verma,reyansh.verma38@gmail.com,2024-09-17 10:48:33,REGULAR
39,Aadhya Davis,aadhya.davis39@yahoo.com,2024-11-27 21:31:31,REGULAR
40,Pari Tanaka,pari.tanaka40@example.com,2023-04-28 02:33:08,REGULAR
41,Chen Nakamura,chen.nakamura41@yahoo.com,2023-01-23 22:12:45,REGULAR
42,Ming Garcia,ming.garcia42@gmail.com,2023-11-29 01:04:36,REGULAR
43,Aarav Williams,aarav.williams43@hotmail.com,2024-02-16 23:29:11,REGULAR
44,Fatima Khan,fatima.khan44@outlook.com,2025-01-26 00:25:31,REGULAR
45,Vihaan Wang,vihaan.wang45@outlook.com,2025-04-22 06:30:08,REGULAR
46,Omar Garcia,omar.garcia46@example.com,2025-02-20 03:37:15,REGULAR
47,Hiro Gupta,hiro.gupta47@gmail.com,2023-10-16 16:03:24,REGULAR
48,Pari Williams,pari.williams48@example.com,2023-07-06 05:41:48,REGULAR
49,Layla Verma,layla.verma49@example.com,2025-08-20 04:12:59,REGULAR
50,James Mehta,james.mehta50@outlook.com,2023-11-14 07:20:05,REGULAR
51,Mary Kumar,mary.kumar51@hotmail.com,2025-11-09 10:25:35,REGULAR
52,Arjun Sharma,arjun.sharma52@example.com,2024-12-12 22:07:21,VIP
53,Arjun Davis,arjun.davis53@yahoo.com,2023-11-28 02:58:07,VIP
54,Arjun Rao,arjun.rao54@hotmail.com,2024-07-28 00:58:06,PREMIUM
55,Riya Li,riya.li55@example.com,2025-10-12 22:00:15,REGULAR
56,Reyansh Kumar,reyansh.kumar56@gmail.com,2024-02-15 20:00:15,PREMIUM
57,Rohan Mehta,rohan.mehta57@outlook.com,2024-03-13 16:38:06,REGULAR
58,Anika Miller,anika.miller58@gmail.com,2025-01-28 21:47:15,REGULAR
59,Jennifer Nakamura,jennifer.nakamura59@outlook.com,2024-03-05 19:23:11,PREMIUM
60,Anika Singh,anika.singh60@hotmail.com,2024-11-17 08:49:18,REGULAR
61,Krishna Gupta,krishna.gupta61@example.com,2025-12-09 11:04:43,REGULAR
62,Michael Wang,michael.wang62@yahoo.com,2025-05-08 07:37:43,REGULAR
63,Michael Park,michael.park63@yahoo.com,2023-03-03 23:23:19,REGULAR
64,Reyansh Johnson,reyansh.johnson64@hotmail.com,2025-05-19 17:58:13,VIP
65,Rohan Rao,rohan.rao65@yahoo.com,2023-09-10 10:30:17,PREMIUM
66,Vivaan Singh,vivaan.singh66@hotmail.com,2024-05-31 00:46:18,PREMIUM
67,Pari Mehta,pari.mehta67@gmail.com,2023-09-05 07:19:32,REGULAR
68,Aditya Tanaka,aditya.tanaka68@hotmail.com,2025-01-01 04:35:45,REGULAR
69,Myra Rao,myra.rao69@hotmail.com,2023-02-06 18:16:26,REGULAR
70,Arjun Kim,arjun.kim70@example.com,2024-03-09 14:32:02,REGULAR
71,Chen Smith,chen.smith71@outlook.com,2023-02-12 21:01:21,REGULAR
72,Anika Verma,anika.verma72@outlook.com,2023-06-18 09:32:23,PREMIUM
73,James Brown,james.brown73@gmail.com,2025-07-30 17:06:14,REGULAR
74,Ahmed Reddy,ahmed.reddy74@hotmail.com,2024-01-31 16:44:36,REGULAR
75,Chen Khan,chen.khan75@hotmail.com,2025-11-07 18:50:34,REGULAR
76,John Li,john.li76@gmail.com,2024-05-02 15:37:24,PREMIUM
77,Riya Miller,riya.miller77@outlook.com,2024-04-25 10:58:04,REGULAR
78,Kiara Davis,kiara.davis78@hotmail.com,2023-07-17 17:37:59,REGULAR
79,Diya Li,diya.li79@example.com,2025-06-03 01:46:54,PREMIUM
80,Riya Joshi,riya.joshi80@example.com,2023-11-23 12:10:42,REGULAR
81,James Jones,james.jones81@yahoo.com,2024-11-17 06:58:35,REGULAR
82,Ananya Khan,ananya.khan82@example.com,2023-05-12 17:24:24,REGULAR
83,Pari Khan,pari.khan83@yahoo.com,2024-04-27 05:16:35,REGULAR
84,Aditya Rao,aditya.rao84@gmail.com,2025-01-08 02:22:00,REGULAR
85,Ahmed Reddy,ahmed.reddy85@hotmail.com,2025-12-17 17:58:05,REGULAR
86,Aarav Kim,aarav.kim86@yahoo.com,2023-06-15 13:51:44,REGULAR
87,Yuki Jones,yuki.jones87@gmail.com,2023-03-20 00:16:37,REGULAR
88,Elizabeth Khan,elizabeth.khan88@example.com,2025-04-05 02:01:54,REGULAR
89,Linda Li,linda.li89@example.com,2025-02-23 03:29:38,REGULAR
90,Ananya Hassan,ananya.hassan90@yahoo.com,2025-01-07 09:08:44,PREMIUM
91,Navya Kim,navya.kim91@yahoo.com,2025-03-20 19:27:56,REGULAR
92,Arjun Ali,arjun.ali92@outlook.com,2024-03-19 20:43:03,REGULAR
93,Chen Gupta,chen.gupta93@hotmail.com,2023-08-03 22:57:32,REGULAR
94,Saanvi Gupta,saanvi.gupta94@example.com,2024-10-06 11:23:46,REGULAR
95,Vihaan Reddy,vihaan.reddy95@example.com,2024-10-14 16:05:08,VIP
96,Vivaan Tanaka,vivaan.tanaka96@gmail.com,2025-06-13 07:17:30,VIP
97,Riya Kim,riya.kim97@hotmail.com,2024-08-28 19:45:21,REGULAR
98,Chen Park,chen.park98@hotmail.com,2025-07-26 02:53:11,REGULAR
99,Jennifer Garcia,jennifer.garcia99@hotmail.com,2023-02-15 02:07:25,PREMIUM
100,Elizabeth Kumar,elizabeth.kumar100@hotmail.com,2025-08-24 15:25:15,REGULAR
101,Vivaan Gupta,vivaan.gupta101@hotmail.com,2025-09-25 11:26:37,REGULAR
102,Anika Williams,anika.williams102@outlook.com,2024-05-23 12:35:31,REGULAR
103,William Mehta,william.mehta103@gmail.com,2024-10-16 21:04:33,REGULAR
104,Chen Verma,chen.verma104@gmail.com,2024-06-27 15:28:02,PREMIUM
105,Aditya Kim,aditya.kim105@yahoo.com,2023-02-18 04:52:55,PREMIUM
106,Zara Kumar,zara.kumar106@gmail.com,2024-01-06 13:36:00,REGULAR
107,Saanvi Jones,saanvi.jones107@outlook.com,2025-12-22 13:56:39,REGULAR
108,Layla Hassan,layla.hassan108@yahoo.com,2023-06-27 22:05:41,VIP
109,Reyansh Wang,reyansh.wang109@example.com,2023-02-09 21:21:39,REGULAR
110,William Williams,william.williams110@yahoo.com,2023-11-05 02:16:12,REGULAR
111,Riya Tanaka,riya.tanaka111@gmail.com,2025-11-28 23:01:33,PREMIUM
112,Ahmed Park,ahmed.park112@hotmail.com,2023-03-05 19:10:05,REGULAR
113,Arjun Miller,arjun.miller113@hotmail.com,2025-10-02 22:09:44,PREMIUM
114,Reyansh Brown,reyansh.brown114@hotmail.com,2024-07-16 15:20:55,PREMIUM
115,Jennifer Singh,jennifer.singh115@outlook.com,2025-03-21 12:07:42,REGULAR
116,Chen Kim,chen.kim116@example.com,2025-01-21 02:05:36,REGULAR
117,Pari Nakamura,pari.nakamura117@hotmail.com,2023-05-15 15:01:37,REGULAR
118,Elizabeth Wang,elizabeth.wang118@outlook.com,2025-08-06 02:48:54,REGULAR
119,James Singh,james.singh119@outlook.com,2025-01-27 09:10:44,REGULAR
120,Layla Ali,layla.ali120@example.com,2024-03-05 04:02:20,VIP
121,Sai Rao,sai.rao121@yahoo.com,2024-09-23 08:44:19,REGULAR
122,Ming Jones,ming.jones122@yahoo.com,2023-01-27 18:52:31,REGULAR
123,Pari Joshi,pari.joshi123@hotmail.com,2025-10-28 10:13:25,REGULAR
124,Robert Brown,robert.brown124@hotmail.com,2025-05-04 23:58:10,REGULAR
125,Anika Rao,anika.rao125@outlook.com,2023-07-07 10:22:38,REGULAR
126,Chen Kim,chen.kim126@yahoo.com,2025-12-08 03:09:44,PREMIUM
127,Navya Hassan,navya.hassan127@example.com,2025-07-04 21:23:34,REGULAR
128,Reyansh Nakamura,reyansh.nakamura128@outlook.com,2023-10-29 13:13:40,REGULAR
129,Aarav Ali,aarav.ali129@gmail.com,2025-04-09 17:59:58,VIP
130,Fatima Joshi,fatima.joshi130@hotmail.com,2025-12-19 09:36:17,REGULAR
131,Aarav Wang,aarav.wang131@hotmail.com,2024-03-17 16:56:18,REGULAR
132,Vihaan Mehta,vihaan.mehta132@gmail.com,2025-01-12 03:02:06,REGULAR
133,Arjun Wang,arjun.wang133@yahoo.com,2025-09-04 19:26:12,REGULAR
134,Ahmed Joshi,ahmed.joshi134@gmail.com,2023-05-13 07:46:27,REGULAR
135,Patricia Li,patricia.li135@yahoo.com,2025-07-15 01:13:10,PREMIUM
136,William Jones,william.jones136@example.com,2024-11-18 17:50:07,VIP
137,Riya Wang,riya.wang137@gmail.com,2025-08-22 17:34:36,VIP
138,Saanvi Zhang,saanvi.zhang138@gmail.com,2023-11-24 19:35:22,REGULAR
139,Diya Davis,diya.davis139@hotmail.com,2023-04-27 14:37:16,REGULAR
140,Layla Garcia,layla.garcia140@outlook.com,2024-03-28 10:56:00,PREMIUM
141,Elizabeth Gupta,elizabeth.gupta141@outlook.com,2025-12-03 19:34:02,PREMIUM
142,Omar Khan,omar.khan142@example.com,2023-11-04 07:14:05,REGULAR
143,Rohan Mehta,rohan.mehta143@yahoo.com,2023-08-09 22:57:11,PREMIUM
144,Layla Hassan,layla.hassan144@hotmail.com,2025-06-03 05:34:36,REGULAR
145,Riya Ali,riya.ali145@example.com,2024-09-17 06:36:18,REGULAR
146,Linda Gupta,linda.gupta146@hotmail.com,2025-07-18 00:25:22,PREMIUM
147,Layla Mehta,layla.mehta147@example.com,2023-02-10 04:18:47,REGULAR
148,Vivaan Kim,vivaan.kim148@example.com,2025-11-10 08:28:26,REGULAR
149,Diya Garcia,diya.garcia149@outlook.com,2025-03-17 04:22:27,REGULAR
150,Omar Brown,omar.brown150@gmail.com,2025-09-13 02:29:22,REGULAR
151,Patricia Smith,patricia.smith151@yahoo.com,2024-05-13 17:55:09,REGULAR
152,Ming Joshi,ming.joshi152@example.com,2025-10-26 06:54:16,REGULAR
153,Sai Smith,sai.smith153@hotmail.com,2024-01-28 02:06:40,PREMIUM
154,Aarav Khan,aarav.khan154@gmail.com,2025-04-22 21:21:19,REGULAR
155,Michael Li,michael.li155@gmail.com,2025-02-13 09:10:11,REGULAR
156,Fatima Kumar,fatima.kumar156@hotmail.com,2024-03-23 10:30:17,REGULAR
157,Layla Park,layla.park157@outlook.com,2024-01-07 17:39:21,REGULAR
158,Fatima Brown,fatima.brown158@gmail.com,2023-05-25 19:05:27,REGULAR
159,Krishna Zhang,krishna.zhang159@outlook.com,2023-08-28 04:27:34,REGULAR
160,Navya Brown,navya.brown160@yahoo.com,2025-01-19 12:53:16,REGULAR
161,Rohan Williams,rohan.williams161@example.com,2023-10-24 02:28:10,PREMIUM
162,Ishaan Tanaka,ishaan.tanaka162@hotmail.com,2023-04-19 10:42:30,REGULAR
163,Hiro Mehta,hiro.mehta163@outlook.com,2023-01-04 23:38:23,PREMIUM
164,Omar Khan,omar.khan164@hotmail.com,2025-01-30 15:06:54,REGULAR
165,Robert Smith,robert.smith165@hotmail.com,2025-05-07 08:58:21,REGULAR
166,James Tanaka,james.tanaka166@yahoo.com,2023-10-21 01:28:12,REGULAR
167,Myra Tanaka,myra.tanaka167@hotmail.com,2024-09-30 02:48:20,PREMIUM
168,William Williams,william.williams168@yahoo.com,2025-10-28 00:06:46,REGULAR
169,Aditya Kumar,aditya.kumar169@outlook.com,2025-02-19 06:46:16,PREMIUM
170,Linda Patel,linda.patel170@gmail.com,2025-03-28 00:52:39,PREMIUM
171,Patricia Tanaka,patricia.tanaka171@gmail.com,2025-10-14 04:01:01,REGULAR
172,Anika Smith,anika.smith172@gmail.com,2025-08-26 04:47:40,PREMIUM
173,Chen Williams,chen.williams173@hotmail.com,2024-05-06 21:59:00,PREMIUM
174,Aditya Li,aditya.li174@outlook.com,2023-04-17 06:54:37,VIP
175,Sai Brown,sai.brown175@gmail.com,2023-06-02 22:13:32,REGULAR
176,Riya Sharma,riya.sharma176@gmail.com,2023-03-13 10:40:03,REGULAR
177,Michael Brown,michael.brown177@hotmail.com,2023-08-15 03:14:07,REGULAR
178,Diya Singh,diya.singh178@hotmail.com,2023-09-29 23:03:31,REGULAR
179,Pari Garcia,pari.garcia179@hotmail.com,2025-06-24 21:40:25,REGULAR
180,Elizabeth Mehta,elizabeth.mehta180@,2025-11-01 21:37:26,PREMIUM
181,Chen Singh,chen.singh181@outlook.com,2023-04-25 17:46:16,VIP
182,Riya Zhang,riya.zhang182@hotmail.com,2024-10-21 03:23:01,PREMIUM
183,Aadhya Williams,aadhya.williams183@hotmail.com,2025-01-20 15:18:08,REGULAR
184,Ahmed Joshi,ahmed.joshi184@hotmail.com,2025-12-22 07:00:49,REGULAR
185,Ahmed Tanaka,ahmed.tanaka185@gmail.com,2025-12-01 08:27:29,PREMIUM
186,Ming Nakamura,ming.nakamura186@yahoo.com,2024-03-20 14:05:28,REGULAR
187,Robert Rao,robert.rao187@outlook.com,2025-09-15 22:50:05,REGULAR
188,Ishaan Zhang,ishaan.zhang188@gmail.com,2023-05-31 22:32:01,REGULAR
189,Linda Verma,linda.verma189@yahoo.com,2025-06-19 08:04:39,REGULAR
190,Kiara Smith,kiara.smith190@yahoo.com,2024-10-07 11:04:41,PREMIUM
191,Michael Miller,michael.miller191@yahoo.com,2025-02-18 12:15:52,REGULAR
192,Wei Park,wei.park192@outlook.com,2024-04-03 11:40:14,PREMIUM
193,Elizabeth Gupta,elizabeth.gupta193@yahoo.com,2023-08-07 15:48:06,PREMIUM
194,Mary Tanaka,mary.tanaka194@hotmail.com,2025-05-15 18:07:13,REGULAR
195,Chen Patel,chen.patel195@outlook.com,2024-12-07 11:39:07,REGULAR
196,Michael Patel,michael.patel196@gmail.com,2025-11-14 07:43:49,REGULAR
197,Fatima Smith,fatima.smith197@gmail.com,2025-08-05 17:30:46,REGULAR
198,Elizabeth Ali,elizabeth.ali198@gmail.com,2024-04-14 10:27:58,REGULAR
199,Aditya Joshi,aditya.joshi199@yahoo.com,2025-02-04 06:22:37,PREMIUM
200,Ishaan Williams,ishaan.williams200@example.com,2024-12-05 17:03:54,REGULAR
201,Rohan Brown,rohan.brown201@hotmail.com,2025-10-14 09:15:29,REGULAR
202,Navya Verma,navya.verma202@hotmail.com,2025-12-08 07:31:42,REGULAR
203,Pari Tanaka,pari.tanaka203@outlook.com,2024-07-17 09:54:56,REGULAR
204,Robert Verma,robert.verma204@gmail.com,2024-09-10 11:43:18,VIP
205,Elizabeth Gupta,elizabeth.gupta205@example.com,2025-10-26 13:48:34,VIP
206,Vihaan Park,vihaan.park206@yahoo.com,2024-06-02 02:07:21,PREMIUM
207,Saanvi Gupta,saanvi.gupta207@yahoo.com,2025-05-10 22:21:50,PREMIUM
208,Myra Smith,myra.smith208@example.com,2023-08-18 05:13:06,REGULAR
209,Rohan Kumar,rohan.kumar209@yahoo.com,2025-04-19 04:41:31,REGULAR
210,Vivaan Kumar,vivaan.kumar210@yahoo.com,2023-01-24 02:01:59,REGULAR
211,Vivaan Singh,vivaan.singh211@hotmail.com,2024-02-17 05:37:04,REGULAR
212,Arjun Garcia,arjun.garcia212@example.com,2024-11-27 08:54:40,REGULAR
213,Linda Miller,linda.miller213@gmail.com,2023-12-11 03:58:24,PREMIUM
214,Yuki Joshi,yuki.joshi214@gmail.com,2024-12-12 13:03:46,REGULAR
215,Wei Tanaka,wei.tanaka215@gmail.com,2024-09-15 21:22:35,REGULAR
216,Linda Gupta,linda.gupta216@yahoo.com,2023-05-06 12:05:14,REGULAR
217,Navya Li,navya.li217@outlook.com,2025-09-10 10:48:39,REGULAR
218,Layla Miller,layla.miller218@example.com,2024-04-03 02:35:05,REGULAR
219,Krishna Tanaka,krishna.tanaka219@example.com,2025-10-14 01:28:05,PREMIUM
220,Saanvi Brown,saanvi.brown220@hotmail.com,2024-12-02 11:11:14,REGULAR
221,Elizabeth Williams,elizabeth.williams221@outlook.com,2024-10-08 05:13:05,REGULAR
222,Anika Johnson,anika.johnson222@hotmail.com,2023-08-26 02:47:29,REGULAR
223,Sai Gupta,sai.gupta223@outlook.com,2024-11-01 21:31:25,PREMIUM
224,Fatima Verma,fatima.verma224@example.com,2025-06-30 01:00:10,REGULAR
225,Krishna Brown,krishna.brown225@hotmail.com,2024-07-03 07:05:30,PREMIUM
226,Vihaan Joshi,vihaan.joshi226@gmail.com,2025-07-21 16:54:38,REGULAR
227,Saanvi Kumar,saanvi.kumar227@gmail.com,2025-10-17 04:54:14,REGULAR
228,Fatima Johnson,fatima.johnson228@example.com,2023-06-28 11:14:05,REGULAR
229,Jennifer Tanaka,jennifer.tanaka229@example.com,2025-05-21 10:19:01,REGULAR
230,Fatima Sharma,fatima.sharma230@outlook.com,2025-08-04 00:58:33,REGULAR
231,Navya Ali,navya.ali231@outlook.com,2024-04-24 23:47:02,REGULAR
232,Rohan Wang,rohan.wang232@yahoo.com,2025-10-18 03:35:03,PREMIUM
233,Vivaan Gupta,vivaan.gupta233@hotmail.com,2025-04-04 01:49:41,REGULAR
234,Ananya Johnson,ananya.johnson234@example.com,2024-04-29 02:40:59,REGULAR
235,Vihaan Kumar,vihaan.kumar235@gmail.com,2023-09-02 12:39:58,REGULAR
236,Navya Jones,navya.jones236@example.com,2025-10-25 06:51:47,REGULAR
237,Navya Reddy,navya.reddy237@hotmail.com,2025-03-06 21:39:17,REGULAR
238,Omar Garcia,omar.garcia238@gmail.com,2025-03-29 13:31:38,REGULAR
239,Layla Verma,layla.verma239@yahoo.com,2023-01-12 22:35:43,PREMIUM
240,Anika Joshi,anika.joshi240@hotmail.com,2024-05-24 17:17:17,PREMIUM
241,Diya Kumar,diya.kumar241@yahoo.com,2024-08-13 15:09:39,REGULAR
242,Robert Gupta,robert.gupta242@gmail.com,2024-09-08 19:53:10,REGULAR
243,Elizabeth Gupta,elizabeth.gupta243@example.com,2024-05-01 07:44:46,REGULAR
244,Patricia Joshi,patricia.joshi244@outlook.com,2023-06-28 21:58:28,REGULAR
245,Zara Jones,zara.jones245@gmail.com,2025-12-07 06:31:32,REGULAR
246,Reyansh Rao,reyansh.rao246@example.com,2024-11-07 19:11:53,REGULAR
247,Riya Hassan,riya.hassan247@yahoo.com,2024-06-11 09:58:21,REGULAR
248,Krishna Miller,krishna.miller248@outlook.com,2025-03-03 04:23:27,REGULAR
249,Rohan Rao,rohan.rao249@yahoo.com,2023-06-09 16:49:50,REGULAR
250,Rohan Kim,rohan.kim250@hotmail.com,2025-10-15 07:08:50,REGULAR
251,Ahmed Kim,ahmed.kim251@example.com,2025-06-19 04:08:10,REGULAR
252,Zara Smith,zara.smith252@hotmail.com,2025-09-01 08:21:35,REGULAR
253,Linda Zhang,linda.zhang253@example.com,2024-04-15 09:57:50,REGULAR
254,Hiro Gupta,hiro.gupta254@gmail.com,2024-04-27 04:50:36,REGULAR
255,Kiara Gupta,kiara.gupta255@gmail.com,2025-09-28 10:54:28,REGULAR
256,Hiro Williams,hiro.williams256@gmail.com,2024-12-19 19:08:27,REGULAR
257,Ahmed Zhang,ahmed.zhang257@hotmail.com,2023-10-20 10:04:33,REGULAR
258,Vihaan Jones,vihaan.jones258@outlook.com,2023-06-10 18:49:46,VIP
259,Sai Miller,sai.miller259@yahoo.com,2025-09-30 17:21:50,PREMIUM
260,Linda Miller,linda.miller260@outlook.com,2025-03-23 01:27:33,REGULAR
261,Kiara Williams,kiara.williams261@example.com,2024-09-27 00:01:39,REGULAR
262,John Gupta,john.gupta262@hotmail.com,2024-05-27 03:45:44,REGULAR
263,Layla Tanaka,layla.tanaka263@example.com,2023-08-22 14:19:26,REGULAR
264,Robert Joshi,robert.joshi264@hotmail.com,2025-10-16 03:29:33,REGULAR
265,Sai Joshi,sai.joshi265@outlook.com,2025-05-18 06:07:30,PREMIUM
266,Yuki Gupta,yuki.gupta266@example.com,2025-09-30 13:33:03,REGULAR
267,Michael Joshi,michael.joshi267@outlook.com,2023-10-08 00:41:19,VIP
268,Ming Reddy,ming.reddy268@yahoo.com,2023-12-18 22:08:12,REGULAR
269,Reyansh Miller,reyansh.miller269@example.com,2025-04-18 12:06:44,REGULAR
270,John Kim,john.kim270@hotmail.com,2025-08-18 01:52:59,REGULAR
271,Diya Nakamura,diya.nakamura271@yahoo.com,2025-12-12 07:09:27,PREMIUM
272,Aditya Brown,aditya.brown272@yahoo.com,2024-07-19 22:03:59,VIP
273,Zara Joshi,zara.joshi273@yahoo.com,2024-11-28 09:14:51,REGULAR
274,Wei Nakamura,wei.nakamura274@example.com,2023-10-29 09:26:50,VIP
275,Elizabeth Kim,elizabeth.kim275@example.com,2024-03-13 17:12:41,REGULAR
276,Ananya Nakamura,ananya.nakamura276@yahoo.com,2023-11-07 05:16:15,PREMIUM
277,Vihaan Zhang,vihaan.zhang277@example.com,2025-01-16 13:43:05,VIP
278,Yuki Tanaka,yuki.tanaka278@yahoo.com,2023-07-13 16:19:27,REGULAR
279,Hiro Kumar,hiro.kumar279@yahoo.com,2024-11-10 14:09:33,PREMIUM
280,Robert Sharma,robert.sharma280@example.com,2024-10-06 12:28:40,REGULAR
281,William Gupta,william.gupta281@outlook.com,2024-08-05 09:45:27,VIP
282,John Park,john.park282@outlook.com,2023-08-15 21:06:46,PREMIUM
283,Wei Ali,wei.ali283@hotmail.com,2023-08-04 14:33:59,REGULAR
284,Aarav Gupta,aarav.gupta284@yahoo.com,2023-01-30 12:30:58,REGULAR
285,Layla Miller,layla.miller285@outlook.com,2024-10-19 12:04:52,REGULAR
286,Krishna Verma,krishna.verma286@example.com,2024-01-06 09:40:08,REGULAR
287,Krishna Nakamura,krishna.nakamura287@gmail.com,2025-02-15 10:59:02,REGULAR
288,Ahmed Rao,ahmed.rao288@gmail.com,2023-08-12 00:55:57,REGULAR
289,Pari Wang,pari.wang289@gmail.com,2024-10-09 02:45:56,REGULAR
290,Michael Gupta,michael.gupta290@example.com,2025-03-28 04:55:03,REGULAR
291,William Tanaka,william.tanaka291@hotmail.com,2024-12-31 07:54:22,VIP
292,Anika Hassan,anika.hassan292@gmail.com,2023-01-26 05:33:15,REGULAR
293,Reyansh Kim,reyansh.kim293@outlook.com,2025-06-22 22:55:41,REGULAR
294,Robert Davis,robert.davis294@yahoo.com,2024-06-09 21:57:23,PREMIUM
295,Elizabeth Ali,elizabeth.ali295@yahoo.com,2025-01-13 08:56:06,REGULAR
296,Elizabeth Verma,elizabeth.verma296@yahoo.com,2024-03-31 20:19:55,PREMIUM
297,James Joshi,james.joshi297@example.com,2025-03-11 14:53:34,REGULAR
298,Aditya Kim,aditya.kim298@outlook.com,2025-10-01 22:11:55,PREMIUM
299,Vihaan Tanaka,vihaan.tanaka299@gmail.com,2025-10-15 15:26:14,PREMIUM
300,Jennifer Williams,jennifer.williams300@hotmail.com,2024-11-14 02:34:11,REGULAR
301,Diya Garcia,diya.garcia301@example.com,2025-12-11 02:11:00,REGULAR
302,Sai Hassan,sai.hassan302@example.com,2024-10-21 10:29:40,VIP
303,Diya Davis,diya.davis303@gmail.com,2024-04-01 08:24:21,REGULAR
304,Kiara Joshi,kiara.joshi304@hotmail.com,2024-11-23 16:56:40,REGULAR
305,Linda Johnson,linda.johnson305@outlook.com,2024-11-25 14:12:07,REGULAR
306,Jennifer Mehta,jennifer.mehta306@gmail.com,2025-09-20 09:08:37,REGULAR
307,Mary Johnson,mary.johnson307@yahoo.com,2025-03-08 01:13:59,VIP
308,Rohan Tanaka,rohan.tanaka308@hotmail.com,2025-08-01 19:57:34,REGULAR
309,Arjun Rao,arjun.rao309@hotmail.com,2025-09-29 05:24:55,VIP
310,Aditya Li,aditya.li310@outlook.com,2023-08-27 08:35:21,REGULAR
311,Arjun Wang,arjun.wang311@hotmail.com,2023-08-02 21:38:44,REGULAR
312,Navya Rao,navya.rao312@yahoo.com,2023-06-26 05:40:15,REGULAR
313,William Davis,william.davis313@outlook.com,2023-07-02 22:26:53,PREMIUM
314,Saanvi Li,saanvi.li314@hotmail.com,2024-03-19 15:04:39,REGULAR
315,Ishaan Tanaka,ishaan.tanaka315@hotmail.com,2023-04-26 00:51:36,VIP
316,James Khan,james.khan316@example.com,2024-06-23 16:57:13,REGULAR
317,Riya Tanaka,riya.tanaka317@yahoo.com,2023-09-02 16:13:16,PREMIUM
318,Hiro Rao,hiro.rao318@yahoo.com,2023-07-08 12:43:12,REGULAR
319,Ming Sharma,ming.sharma319@outlook.com,2024-07-14 15:11:51,REGULAR
320,Fatima Kumar,fatima.kumar320@gmail.com,2025-08-08 15:05:18,REGULAR
321,Wei Miller,wei.miller321@example.com,2024-09-30 03:33:07,REGULAR
322,James Zhang,james.zhang322@example.com,2023-04-26 05:04:20,REGULAR
323,Fatima Zhang,fatima.zhang323@yahoo.com,2025-07-02 02:15:00,REGULAR
324,Vihaan Nakamura,vihaan.nakamura324@outlook.com,2023-07-12 21:03:43,REGULAR
325,James Ali,james.ali325@example.com,2023-12-17 06:08:29,PREMIUM
326,Sai Mehta,sai.mehta326@example.com,2023-11-01 22:39:57,REGULAR
327,Riya Li,riya.li327@yahoo.com,2025-04-08 17:30:09,REGULAR
328,Omar Kumar,omar.kumar328@example.com,2023-09-23 22:49:18,REGULAR
329,Ahmed Verma,ahmed.verma329@example.com,2023-02-14 01:50:25,REGULAR
330,Saanvi Kim,saanvi.kim330@gmail.com,2025-06-07 18:49:15,REGULAR
331,Chen Joshi,chen.joshi331@hotmail.com,2025-09-24 04:02:17,REGULAR
332,Mary Joshi,mary.joshi332@gmail.com,2024-12-05 13:21:03,REGULAR
333,Patricia Garcia,patricia.garcia333@example.com,2024-12-22 11:39:31,REGULAR
334,James Hassan,james.hassan334@yahoo.com,2024-06-20 12:20:51,PREMIUM
335,Hiro Davis,hiro.davis335@hotmail.com,2023-06-14 22:49:26,REGULAR
336,Linda Rao,linda.rao336@outlook.com,2023-08-07 20:17:56,VIP
337,Zara Brown,zara.brown337@yahoo.com,2024-01-21 16:11:12,PREMIUM
338,Ahmed Hassan,ahmed.hassan338@yahoo.com,2024-04-30 18:51:26,REGULAR
339,Hiro Jones,hiro.jones339@hotmail.com,2025-02-13 19:06:34,REGULAR
340,Mary Miller,mary.miller340@yahoo.com,2024-12-11 06:47:37,REGULAR
341,Vihaan Verma,vihaan.verma341@hotmail.com,2024-03-13 01:43:28,REGULAR
342,Aarav Tanaka,aarav.tanaka342@outlook.com,2023-06-16 23:46:54,PREMIUM
343,Mary Johnson,mary.johnson343@example.com,2023-03-12 06:45:31,REGULAR
344,Michael Davis,michael.davis344@example.com,2024-03-24 07:51:04,REGULAR
345,Fatima Mehta,fatima.mehta345@gmail.com,2025-08-26 04:07:48,REGULAR
346,Reyansh Williams,reyansh.williams346@outlook.com,2024-08-02 17:50:32,REGULAR
347,Michael Kim,michael.kim347@example.com,2023-08-13 02:40:37,REGULAR
348,Aditya Verma,aditya.verma348@outlook.com,2023-03-02 10:49:04,PREMIUM
349,Yuki Jones,yuki.jones349@example.com,2023-08-20 08:54:37,REGULAR
350,Zara Smith,zara.smith350@example.com,2023-09-10 10:30:55,PREMIUM
351,Riya Wang,riya.wang351@example.com,2024-06-06 12:54:40,REGULAR
352,Ahmed Joshi,ahmed.joshi352@outlook.com,2025-01-07 17:16:45,REGULAR
353,Krishna Brown,krishna.brown353@gmail.com,2025-06-25 17:59:35,REGULAR
354,Anika Zhang,anika.zhang354@gmail.com,2025-06-17 15:05:10,REGULAR
355,Ananya Miller,ananya.miller355@hotmail.com,2025-09-04 03:45:38,REGULAR
356,Pari Verma,pari.verma356@gmail.com,2025-06-08 10:58:00,REGULAR
357,Linda Smith,linda.smith357@yahoo.com,2024-10-12 13:15:40,REGULAR
358,Zara Garcia,zara.garcia358@example.com,2023-04-07 18:00:52,REGULAR
359,James Khan,james.khan359@outlook.com,2025-01-13 02:57:46,VIP
360,Elizabeth Davis,elizabeth.davis360@outlook.com,2024-06-15 18:52:34,REGULAR
361,Aadhya Rao,aadhya.rao361@yahoo.com,2024-03-09 10:06:44,VIP
362,Riya Kim,riya.kim362@hotmail.com,2024-03-24 22:51:18,REGULAR
363,Robert Davis,robert.davis363@example.com,2024-02-29 19:14:09,REGULAR
364,William Williams,william.williams364@yahoo.com,2024-06-20 03:33:11,REGULAR
365,Kiara Ali,kiara.ali365@hotmail.com,2023-05-03 18:25:51,REGULAR
366,Wei Reddy,wei.reddy366@outlook.com,2023-11-10 21:38:28,VIP
367,Navya Kumar,navya.kumar367@example.com,2023-06-19 16:15:43,REGULAR
368,Vihaan Khan,vihaan.khan368@yahoo.com,2025-04-04 22:39:42,REGULAR
369,Patricia Smith,patricia.smith369@yahoo.com,2025-01-03 20:29:39,REGULAR
370,Fatima Singh,fatima.singh370@hotmail.com,2024-09-24 02:36:33,REGULAR
371,Aadhya Kim,aadhya.kim371@gmail.com,2024-03-22 05:16:16,PREMIUM
372,Sai Zhang,sai.zhang372@gmail.com,2025-06-10 21:14:34,PREMIUM
373,Diya Brown,diya.brown373@gmail.com,2023-10-01 01:52:40,VIP
374,Mary Park,mary.park374@outlook.com,2025-02-08 13:15:01,PREMIUM
375,Aarav Joshi,aarav.joshi375@outlook.com,2025-06-01 07:09:11,REGULAR
376,Chen Miller,chen.miller376@yahoo.com,2025-02-06 06:23:22,PREMIUM
377,Elizabeth Mehta,elizabeth.mehta377@outlook.com,2023-10-27 12:31:47,REGULAR
378,Elizabeth Zhang,elizabeth.zhang378@gmail.com,2024-02-04 15:31:47,PREMIUM
379,Kiara Wang,kiara.wang379@yahoo.com,2025-11-13 15:29:48,REGULAR
380,Mary Nakamura,mary.nakamura380@gmail.com,2024-10-26 09:55:58,REGULAR
381,Reyansh Singh,reyansh.singh381@yahoo.com,2023-08-07 10:23:26,REGULAR
382,William Rao,william.rao382@outlook.com,2024-11-24 23:30:26,REGULAR
383,Ahmed Sharma,ahmed.sharma383@yahoo.com,2024-02-11 07:24:29,REGULAR
384,Krishna Jones,krishna.jones384@example.com,2024-04-21 14:34:10,VIP
385,Riya Ali,riya.ali385@outlook.com,2023-07-02 09:34:34,REGULAR
386,Myra Rao,myra.rao386@hotmail.com,2023-07-27 11:48:18,PREMIUM
387,Layla Johnson,layla.johnson387@hotmail.com,2024-10-07 23:50:53,PREMIUM
388,Saanvi Kim,saanvi.kim388@example.com,2024-01-20 10:10:47,PREMIUM
389,Sai Miller,sai.miller389@outlook.com,2024-11-24 23:58:18,REGULAR
390,Ahmed Patel,ahmed.patel390@example.com,2023-04-06 22:30:24,REGULAR
391,Chen Kumar,chen.kumar391@example.com,2023-09-13 14:23:23,REGULAR
392,Saanvi Ali,saanvi.ali392@example.com,2025-06-24 21:19:16,REGULAR
393,Vihaan Jones,vihaan.jones393@hotmail.com,2023-07-24 23:14:29,REGULAR
394,Fatima Jones,fatima.jones394@gmail.com,2025-11-11 02:35:53,REGULAR
395,Aarav Hassan,aarav.hassan395@gmail.com,2023-12-05 11:56:58,REGULAR
396,Arjun Davis,arjun.davis396@gmail.com,2023-04-04 14:29:33,VIP
397,Wei Verma,wei.verma397@yahoo.com,2024-03-21 23:31:02,PREMIUM
398,Patricia Johnson,patricia.johnson398@hotmail.com,2024-08-17 03:52:25,REGULAR
399,Chen Kumar,chen.kumar399@gmail.com,2025-10-12 05:31:01,REGULAR
400,Chen Williams,chen.williams400@yahoo.com,2025-04-01 12:40:44,PREMIUM
401,Vivaan Joshi,vivaan.joshi401@example.com,2024-12-20 06:02:11,REGULAR
402,William Nakamura,william.nakamura402@outlook.com,2023-12-23 18:29:49,REGULAR
403,Aadhya Hassan,aadhya.hassan403@hotmail.com,2023-06-25 07:09:11,REGULAR
404,Vivaan Rao,vivaan.rao404@example.com,2023-11-17 03:16:47,REGULAR
405,Layla Khan,layla.khan405@yahoo.com,2025-12-28 12:24:44,PREMIUM
406,Mary Jones,mary.jones406@gmail.com,2023-12-31 00:48:05,REGULAR
407,Kiara Rao,kiara.rao407@example.com,2025-06-13 22:57:00,PREMIUM
408,James Rao,james.rao408@example.com,2024-04-13 18:35:36,REGULAR
409,Riya Mehta,riya.mehta409@example.com,2023-04-05 16:39:55,PREMIUM
410,Diya Zhang,diya.zhang410@hotmail.com,2025-11-20 09:38:19,REGULAR
411,Robert Zhang,robert.zhang411@example.com,2025-11-08 21:27:48,REGULAR
412,Patricia Brown,patricia.brown412@yahoo.com,2023-08-20 19:14:08,PREMIUM
413,Wei Rao,wei.rao413@yahoo.com,2023-12-17 01:27:13,PREMIUM
414,Vihaan Davis,vihaan.davis414@example.com,2024-10-03 01:43:54,REGULAR
415,William Rao,william.rao415@gmail.com,2024-02-01 02:55:36,VIP
416,Michael Gupta,michael.gupta416@yahoo.com,2025-04-12 01:56:24,REGULAR
417,William Khan,william.khan417@gmail.com,2025-07-28 18:53:44,REGULAR
418,Omar Hassan,omar.hassan418@hotmail.com,2025-11-09 01:29:23,REGULAR
419,John Joshi,john.joshi419@yahoo.com,2023-01-24 19:40:55,VIP
420,Krishna Hassan,krishna.hassan420@example.com,2025-01-13 23:27:51,PREMIUM
421,Mary Rao,mary.rao421@outlook.com,2025-05-07 15:00:28,REGULAR
422,Chen Zhang,chen.zhang422@outlook.com,2024-07-12 02:10:01,REGULAR
423,Ming Jones,ming.jones423@hotmail.com,2023-06-03 04:22:52,PREMIUM
424,James Reddy,james.reddy424@gmail.com,2024-07-29 20:52:52,REGULAR
425,Myra Hassan,myra.hassan425@,2023-08-15 16:23:35,REGULAR
426,Aadhya Smith,aadhya.smith426@yahoo.com,2023-12-24 07:42:57,REGULAR
427,John Mehta,john.mehta427@hotmail.com,2025-01-29 01:06:53,REGULAR
428,Robert Singh,robert.singh428@hotmail.com,2023-08-06 10:01:55,REGULAR
429,Chen Zhang,chen.zhang429@gmail.com,2023-04-02 05:41:22,VIP
430,Vihaan Kim,vihaan.kim430@yahoo.com,2023-01-10 22:00:22,REGULAR
431,Rohan Sharma,rohan.sharma431@outlook.com,2023-12-06 18:27:37,REGULAR
432,Zara Garcia,zara.garcia432@gmail.com,2025-10-21 03:54:06,REGULAR
433,Patricia Sharma,patricia.sharma433@outlook.com,2023-01-26 23:35:45,REGULAR
434,Kiara Sharma,kiara.sharma434@hotmail.com,2025-02-19 03:58:14,PREMIUM
435,Diya Patel,diya.patel435@yahoo.com,2023-05-30 14:50:31,REGULAR
436,Yuki Mehta,yuki.mehta436@hotmail.com,2024-07-04 14:31:19,REGULAR
437,Mary Jones,mary.jones437@yahoo.com,2025-05-27 16:48:29,REGULAR
438,Sai Zhang,sai.zhang438@gmail.com,2025-10-06 13:49:16,REGULAR
439,William Davis,william.davis439@gmail.com,2025-01-09 10:45:23,PREMIUM
440,Sai Garcia,sai.garcia440@outlook.com,2024-11-05 01:19:27,REGULAR
441,Reyansh Miller,reyansh.miller441@example.com,2023-03-08 02:26:40,REGULAR
442,Aditya Gupta,aditya.gupta442@example.com,2025-11-29 05:21:10,REGULAR
443,Aditya Singh,aditya.singh443example.com,2024-05-03 12:50:21,REGULAR
444,Mary Gupta,mary.gupta444@yahoo.com,2024-04-09 21:51:04,REGULAR
445,William Khan,william.khan445@yahoo.com,2025-04-19 17:37:41,PREMIUM
446,Sai Miller,sai.miller446@hotmail.com,2024-06-21 06:34:36,REGULAR
447,Arjun Smith,arjun.smith447@example.com,2025-07-29 02:19:33,REGULAR
448,James Sharma,james.sharma448@hotmail.com,2025-09-12 01:49:01,REGULAR
449,Robert Davis,robert.davis449@example.com,2024-08-06 04:55:58,REGULAR
450,Sai Kim,sai.kim450@yahoo.com,2025-08-18 23:40:19,PREMIUM
451,Sai Mehta,sai.mehta451@yahoo.com,2023-08-28 13:46:27,PREMIUM
452,James Johnson,james.johnson452@outlook.com,2023-06-15 12:30:22,REGULAR
453,Navya Patel,navya.patel453@hotmail.com,2023-07-25 20:13:09,REGULAR
454,Fatima Miller,fatima.miller454@gmail.com,2024-09-25 20:59:22,REGULAR
455,Sai Li,sai.li455@hotmail.com,2025-07-18 00:41:19,REGULAR
456,Patricia Williams,patricia.williams456@example.com,2023-05-12 13:49:36,PREMIUM
457,Pari Wang,pari.wang457@hotmail.com,2025-03-20 12:11:06,REGULAR
458,Navya Joshi,navya.joshi458@gmail.com,2024-02-21 22:55:50,REGULAR
459,Navya Brown,navya.brown459@gmail.com,2024-04-10 15:34:26,REGULAR
460,Pari Hassan,pari.hassan460@example.com,2025-08-28 22:56:41,REGULAR
461,Reyansh Kumar,reyansh.kumar461@,2024-04-18 06:28:24,REGULAR
462,Zara Williams,zara.williams462@hotmail.com,2024-05-26 22:12:20,PREMIUM
463,Layla Kumar,layla.kumar463@yahoo.com,2024-04-11 17:02:21,REGULAR
464,Diya Williams,diya.williams464@hotmail.com,2024-05-10 18:18:52,VIP
465,Pari Smith,pari.smith465@hotmail.com,2024-08-07 04:21:28,REGULAR
466,Ahmed Reddy,ahmed.reddy466@yahoo.com,2025-07-08 23:49:26,REGULAR
467,Fatima Sharma,fatima.sharma467@yahoo.com,2024-12-18 02:31:25,REGULAR
468,Kiara Nakamura,kiara.nakamura468@hotmail.com,2025-12-12 06:46:17,REGULAR
469,Ishaan Zhang,ishaan.zhang469@yahoo.com,2024-04-15 10:25:09,PREMIUM
470,William Gupta,william.gupta470@hotmail.com,2024-11-28 14:25:14,REGULAR
471,Chen Miller,chen.miller471@gmail.com,2025-12-10 12:46:32,PREMIUM
472,Michael Ali,michael.ali472@gmail.com,2025-04-14 01:18:21,REGULAR
473,Pari Khan,pari.khan473@example.com,2025-10-29 13:35:03,REGULAR
474,Mary Kim,mary.kim474@hotmail.com,2024-05-30 02:49:15,REGULAR
475,Reyansh Mehta,reyansh.mehta475@example.com,2023-12-11 20:48:00,REGULAR
476,Ahmed Rao,ahmed.rao476@hotmail.com,2024-11-23 11:49:44,PREMIUM
477,Omar Ali,omar.ali477@gmail.com,2025-02-16 10:43:00,REGULAR
478,Kiara Brown,kiara.brown478@yahoo.com,2023-05-14 08:53:56,REGULAR
479,John Jones,john.jones479@outlook.com,2023-11-18 08:34:22,REGULAR
480,Linda Hassan,linda.hassan480@gmail.com,2025-12-18 09:13:02,REGULAR
481,Krishna Sharma,krishna.sharma481@yahoo.com,2024-06-16 22:52:22,VIP
482,Pari Miller,pari.miller482@outlook.com,2023-09-29 00:05:16,REGULAR
483,Elizabeth Rao,elizabeth.rao483@yahoo.com,2024-09-21 05:15:46,REGULAR
484,Jennifer Williams,jennifer.williams484@yahoo.com,2023-02-15 08:22:00,REGULAR
485,Jennifer Williams,jennifer.williams485@yahoo.com,2023-01-07 21:54:34,REGULAR
486,Arjun Wang,arjun.wang486@example.com,2023-06-08 01:35:28,REGULAR
487,James Reddy,james.reddy487@hotmail.com,2024-12-11 18:42:58,REGULAR
488,James Li,james.li488@example.com,2024-08-26 17:31:18,REGULAR
489,Robert Tanaka,robert.tanaka489@outlook.com,2024-12-12 06:16:47,PREMIUM
490,Omar Gupta,omar.gupta490@gmail.com,2025-11-10 02:04:48,REGULAR
491,Krishna Singh,krishna.singh491@example.com,2024-08-02 21:51:32,REGULAR
492,Layla Kumar,layla.kumar492@yahoo.com,2025-06-11 22:19:21,REGULAR
493,Chen Ali,chen.ali493@yahoo.com,2025-09-29 09:02:23,REGULAR
494,Ming Joshi,ming.joshi494@hotmail.com,2023-08-06 22:38:02,REGULAR
495,Robert Sharma,robert.sharma495@hotmail.com,2025-01-22 19:31:48,VIP
496,Hiro Zhang,hiro.zhang496@hotmail.com,2025-02-07 21:48:48,REGULAR
497,Linda Garcia,linda.garcia497@gmail.com,2023-09-17 19:39:43,PREMIUM
498,Myra Joshi,myra.joshi498@example.com,2023-02-20 18:57:40,REGULAR
499,Elizabeth Wang,elizabeth.wang499@gmail.com,2025-02-08 10:37:11,REGULAR
500,Navya Kim,navya.kim500@outlook.com,2025-04-23 16:27:57,REGULAR
501,Aditya Kim,aditya.kim501@hotmail.com,2024-11-16 15:20:19,REGULAR
502,Pari Joshi,pari.joshi502@outlook.com,2023-02-20 01:38:10,PREMIUM
503,Sai Jones,sai.jones503@yahoo.com,2023-07-02 08:28:05,REGULAR
504,Omar Ali,omar.ali504@example.com,2024-06-28 16:27:54,REGULAR
505,Ananya Li,ananya.li505@yahoo.com,2023-08-05 07:03:20,PREMIUM
506,Ahmed Johnson,ahmed.johnson506@example.com,2025-04-06 20:51:59,REGULAR
507,Kiara Joshi,kiara.joshi507@example.com,2025-06-08 17:07:48,VIP
508,Reyansh Kumar,reyansh.kumar508@outlook.com,2024-10-01 09:25:09,PREMIUM
509,Ishaan Ali,ishaan.ali509@outlook.com,2023-07-26 03:04:25,PREMIUM
510,Mary Garcia,mary.garcia510@outlook.com,2023-08-09 20:32:33,REGULAR
511,William Jones,william.jones511@gmail.com,2023-04-28 07:27:02,REGULAR
512,Navya Ali,navya.ali512@hotmail.com,2024-07-27 07:58:14,REGULAR
513,Aarav Tanaka,aarav.tanaka513@hotmail.com,2023-05-25 16:34:21,REGULAR
514,Robert Tanaka,robert.tanaka514@hotmail.com,2023-04-09 09:08:20,REGULAR
515,Jennifer Nakamura,jennifer.nakamura515@outlook.com,2023-11-26 02:23:42,PREMIUM
516,John Davis,john.davis516@hotmail.com,2025-06-16 18:55:40,PREMIUM
517,Vihaan Verma,vihaan.verma517@hotmail.com,2023-06-04 16:24:55,REGULAR
518,Ananya Jones,ananya.jones518@,2024-12-10 04:13:47,REGULAR
519,Ishaan Zhang,ishaan.zhang519@outlook.com,2024-04-13 22:21:42,REGULAR
520,Michael Mehta,michael.mehta520@yahoo.com,2023-05-09 00:51:36,REGULAR
521,Riya Hassan,riya.hassan521@hotmail.com,2025-12-22 13:03:51,REGULAR
522,Reyansh Sharma,reyansh.sharma522@yahoo.com,2023-11-28 12:55:05,REGULAR
523,Yuki Khan,yuki.khan523@,2024-11-22 09:17:45,PREMIUM
524,Jennifer Ali,jennifer.ali524@yahoo.com,2023-07-25 07:50:48,REGULAR
525,Reyansh Patel,reyansh.patel525@outlook.com,2024-05-01 18:35:23,REGULAR
526,Ishaan Zhang,ishaan.zhang526@example.com,2025-11-17 21:30:00,REGULAR
527,Zara Zhang,zara.zhang527@yahoo.com,2023-09-12 22:42:30,REGULAR
528,Rohan Brown,rohan.brown528@yahoo.com,2025-08-15 00:58:42,REGULAR
529,Reyansh Kumar,reyansh.kumar529@hotmail.com,2023-07-11 07:38:02,REGULAR
530,Jennifer Smith,jennifer.smith530@gmail.com,2023-08-06 05:14:50,REGULAR
531,Layla Li,layla.li531@gmail.com,2025-08-01 20:42:45,PREMIUM
532,Riya Reddy,riya.reddy532@yahoo.com,2025-03-15 07:05:11,PREMIUM
533,Kiara Zhang,kiara.zhang533@yahoo.com,2023-03-26 18:29:04,REGULAR
534,Krishna Rao,krishna.rao534@gmail.com,2025-02-15 01:47:13,REGULAR
535,Aarav Johnson,aarav.johnson535@example.com,2024-05-06 14:57:20,REGULAR
536,Chen Khan,chen.khan536@gmail.com,2023-09-26 09:20:38,REGULAR
537,Arjun Sharma,arjun.sharma537@gmail.com,2024-02-12 06:58:32,VIP
538,Mary Miller,mary.miller538@example.com,2024-03-21 01:02:21,PREMIUM
539,Jennifer Ali,jennifer.ali539@example.com,2024-09-16 21:59:20,REGULAR
540,Rohan Mehta,rohan.mehta540@example.com,2023-05-10 20:43:29,VIP
541,Rohan Davis,rohan.davis541@gmail.com,2024-05-22 14:08:02,REGULAR
542,Jennifer Hassan,jennifer.hassan542@gmail.com,2024-01-06 17:02:48,VIP
543,Krishna Jones,krishna.jones543@outlook.com,2025-08-09 04:04:44,REGULAR
544,Diya Patel,diya.patel544@gmail.com,2023-01-20 16:11:03,REGULAR
545,Robert Miller,robert.miller545@outlook.com,2025-03-14 11:27:54,REGULAR
546,Ishaan Hassan,ishaan.hassan546@gmail.com,2024-02-22 12:15:58,PREMIUM
547,Vivaan Smith,vivaan.smith547@gmail.com,2024-10-28 22:22:48,REGULAR
548,Ahmed Zhang,ahmed.zhang548@example.com,2023-04-30 17:22:44,REGULAR
549,Ming Tanaka,ming.tanaka549@yahoo.com,2025-05-30 15:02:48,REGULAR
550,Reyansh Wang,reyansh.wang550@yahoo.com,2025-11-13 05:01:52,PREMIUM
551,Aarav Verma,aarav.verma551@hotmail.com,2023-01-20 02:07:57,REGULAR
552,Rohan Singh,rohan.singh552@hotmail.com,2023-02-24 22:26:58,REGULAR
553,Pari Brown,pari.brown553@gmail.com,2024-05-12 00:02:47,REGULAR
554,Krishna Miller,krishna.miller554@yahoo.com,2025-11-11 23:24:07,REGULAR
555,Yuki Verma,yuki.verma555@hotmail.com,2024-09-14 19:33:42,PREMIUM
556,Riya Smith,riya.smith556@gmail.com,2023-05-15 04:41:08,REGULAR
557,Kiara Wang,kiara.wang557@yahoo.com,2024-04-17 02:33:36,REGULAR
558,Omar Garcia,omar.garcia558@example.com,2023-10-31 13:52:33,PREMIUM
559,Pari Kumar,pari.kumar559@gmail.com,2023-01-10 21:47:04,REGULAR
560,Robert Zhang,robert.zhang560@outlook.com,2025-12-13 06:05:33,REGULAR
561,William Tanaka,william.tanaka561@example.com,2024-04-22 16:49:39,VIP
562,Patricia Garcia,patricia.garcia562@yahoo.com,2023-04-04 01:03:00,PREMIUM
563,Sai Verma,sai.verma563@example.com,2023-12-26 13:55:22,REGULAR
564,Michael Jones,michael.jones564@example.com,2023-05-12 21:23:29,REGULAR
565,Mary Gupta,mary.gupta565@hotmail.com,2025-07-08 11:28:24,REGULAR
566,Ishaan Rao,ishaan.rao566@outlook.com,2024-03-29 02:28:13,VIP
567,Mary Ali,mary.ali567@outlook.com,2024-05-21 19:32:24,REGULAR
568,Aadhya Kumar,aadhya.kumar568@gmail.com,2025-06-27 07:29:44,REGULAR
569,Elizabeth Smith,elizabeth.smith569@outlook.com,2024-09-23 11:53:11,VIP
570,Saanvi Jones,saanvi.jones570@gmail.com,2024-04-23 22:32:41,REGULAR
571,Riya Nakamura,riya.nakamura571@gmail.com,2025-12-30 17:17:57,REGULAR
572,James Kumar,james.kumar572@outlook.com,2023-05-22 16:39:48,REGULAR
573,Vihaan Khan,vihaan.khan573@yahoo.com,2024-04-09 05:35:21,REGULAR
574,Mary Tanaka,mary.tanaka574@example.com,2024-12-03 11:16:53,REGULAR
575,Elizabeth Patel,elizabeth.patel575@gmail.com,2023-08-06 03:51:44,PREMIUM
576,Myra Kumar,myra.kumar576@outlook.com,2023-11-04 18:56:05,REGULAR
577,Sai Wang,sai.wang577@gmail.com,2025-06-29 12:05:27,REGULAR
578,Arjun Reddy,arjun.reddy578@yahoo.com,2025-09-30 12:08:13,REGULAR
579,John Patel,john.patel579@gmail.com,2023-03-08 07:50:02,REGULAR
580,Ahmed Brown,ahmed.brown580@hotmail.com,2024-09-05 14:37:06,REGULAR
581,Diya Johnson,diya.johnson581@outlook.com,2023-11-30 13:11:47,REGULAR
582,Rohan Verma,rohan.verma582@yahoo.com,2025-08-11 23:33:09,REGULAR
583,Ming Brown,ming.brown583@gmail.com,2025-05-05 11:09:41,REGULAR
584,Ishaan Brown,ishaan.brown584@example.com,2023-11-06 20:19:33,REGULAR
585,Chen Park,chen.park585@outlook.com,2023-01-31 08:07:49,REGULAR
586,Ming Johnson,ming.johnson586@hotmail.com,2025-05-28 17:00:07,REGULAR
587,Vivaan Smith,vivaan.smith587@outlook.com,2025-07-16 14:06:40,REGULAR
588,Wei Miller,wei.miller588@yahoo.com,2024-07-09 06:03:50,VIP
589,Reyansh Rao,reyansh.rao589@example.com,2025-10-17 09:40:50,PREMIUM
590,Vihaan Kim,vihaan.kim590@hotmail.com,2023-12-07 20:15:24,REGULAR
591,Diya Singh,diya.singh591@outlook.com,2024-01-03 11:15:55,PREMIUM
592,Vivaan Ali,vivaan.ali592@example.com,2025-12-24 06:47:59,REGULAR
593,Ahmed Reddy,ahmed.reddy593@yahoo.com,2025-02-03 15:32:32,REGULAR
594,Sai Verma,sai.verma594@gmail.com,2023-12-28 08:49:38,REGULAR
595,Aarav Smith,aarav.smith595@yahoo.com,2025-08-12 00:36:13,REGULAR
596,Diya Park,diya.park596@yahoo.com,2024-05-17 16:15:55,REGULAR
597,Rohan Kim,rohan.kim597@outlook.com,2023-06-22 07:25:09,VIP
598,Michael Ali,michael.ali598@gmail.com,2025-10-25 14:21:06,REGULAR
599,James Kumar,james.kumar599@hotmail.com,2023-09-02 16:10:13,PREMIUM
600,Ming Zhang,ming.zhang600@example.com,2024-05-07 21:10:56,REGULAR
