order_id,customer_id,order_date,status,region_code
1,65,2025-09-23 09:58:23,DELIVERED,NORTH
2,109,2024-07-09 16:01:39,DELIVERED,CENTRAL
3,449,2023-05-15 09:08:54,CANCELLED,NORTH
4,226,2025-01-06 07:32:29,DELIVERED,CENTRAL
5,148,2024-04-03 05:35:39,CANCELLED,EAST
6,569,2023-01-18 07:42:35,PLACED,CENTRAL
7,561,2025-07-15 20:54:23,DELIVERED,EAST
8,525,2023-11-25 22:07:31,SHIPPED,CENTRAL
9,186,2024-01-28 14:53:47,DELIVERED,NORTH
10,563,02-05-2025,DELIVERED,EAST
11,595,2023-06-02 13:15:03,DELIVERED,SOUTH
12,103,2025-11-08 19:42:45,PLACED,SOUTH
13,337,2024-05-08 15:55:06,DELIVERED,CENTRAL
14,374,2023-08-25 17:41:45,RETURNED,SOUTH
15,227,2023-01-08 12:08:44,DELIVERED,EAST
16,340,2024-07-12 10:36:34,DELIVERED,EAST
17,112,2024-04-19 12:48:50,DELIVERED,EAST
18,202,2023-08-06 11:38:25,CANCELLED,NORTH
19,520,2023-04-28 03:06:50,CANCELLED,CENTRAL
20,218,2024-09-21 08:30:27,DELIVERED,CENTRAL
21,153,2025-04-18 08:37:16,SHIPPED,CENTRAL
22,514,2024-03-28 01:14:06,DELIVERED,CENTRAL
23,170,2023-01-17 10:53:11,SHIPPED,SOUTH
24,580,2023-10-06 07:00:59,RETURNED,WEST
25,,2024-07-11 08:52:02,SHIPPED,EAST
26,212,2024-07-27 21:32:31,DELIVERED,WEST
27,48,30-12-2024,DELIVERED,NORTH
28,281,2025-12-29 05:11:20,DELIVERED,CENTRAL
29,388,2025-06-04 17:06:40,DELIVERED,NORTH
30,229,2025-03-13 14:35:20,DELIVERED,EAST
31,7,2025-01-26 07:30:52,SHIPPED,SOUTH
32,288,2023-12-24 06:40:38,SHIPPED,EAST
33,122,2025-07-24 04:56:33,DELIVERED,EAST
34,491,2023-06-26 01:34:22,DELIVERED,WEST
35,131,2023-02-04 20:50:56,SHIPPED,CENTRAL
36,151,02-03-2023,DELIVERED,SOUTH
37,578,2025-03-13 13:45:39,CANCELLED,EAST
38,483,2023-05-14 04:56:09,SHIPPED,WEST
39,597,2025-07-22 08:53:27,SHIPPED,CENTRAL
40,351,2024-02-15 22:02:47,DELIVERED,NORTH
41,136,2023-12-24 00:04:44,SHIPPED,CENTRAL
42,154,2025-11-29 03:04:55,SHIPPED,CENTRAL
43,,2025-07-20 18:40:45,DELIVERED,NORTH
44,134,2023-05-25 18:22:25,DELIVERED,NORTH
45,535,2025-11-20 02:31:35,CANCELLED,CENTRAL
46,494,2024-10-28 08:38:55,DELIVERED,CENTRAL
47,436,2025-12-18 07:08:31,DELIVERED,SOUTH
48,557,2023-05-11 04:56:45,SHIPPED,NORTH
49,533,16-06-2025,DELIVERED,EAST
50,159,2024-09-27 02:50:57,DELIVERED,EAST
51,375,2025-04-12 19:26:20,RETURNED,WEST
52,571,2023-11-13 10:15:00,DELIVERED,CENTRAL
53,315,2025-01-21 11:53:09,DELIVERED,WEST
54,122,2023-08-03 11:34:02,DELIVERED,SOUTH
55,411,2023-06-05 18:39:28,CANCELLED,CENTRAL
56,54,2025-12-18 20:11:01,RETURNED,NORTH
57,483,2023-05-22 12:01:42,DELIVERED,NORTH
58,82,2024-02-13 16:46:50,DELIVERED,WEST
59,294,2025-08-11 18:17:46,DELIVERED,SOUTH
60,11,2025-09-21 15:47:25,DELIVERED,CENTRAL
61,523,2024-03-20 07:05:44,SHIPPED,SOUTH
62,,2025-11-13 01:27:01,PLACED,SOUTH
63,410,2023-05-15 21:44:04,DELIVERED,CENTRAL
64,71,2023-11-08 04:06:44,DELIVERED,CENTRAL
65,284,2025-06-24 13:17:44,RETURNED,WEST
66,268,2024-09-19 12:35:19,DELIVERED,CENTRAL
67,349,2023-04-23 10:44:40,CANCELLED,EAST
68,589,2025-04-15 14:29:30,DELIVERED,WEST
69,250,2025-05-24 20:26:50,RETURNED,WEST
70,29,2025-11-24 19:41:28,DELIVERED,WEST
71,226,2025-09-11 08:37:26,SHIPPED,EAST
72,529,2024-10-02 16:21:16,DELIVERED,EAST
73,409,2024-01-21 15:42:52,CANCELLED,NORTH
74,488,2025-05-11 11:10:42,SHIPPED,CENTRAL
75,195,2024-02-22 23:52:20,SHIPPED,SOUTH
76,208,2024-02-17 07:01:46,CANCELLED,EAST
77,123,2023-08-31 07:56:10,DELIVERED,WEST
78,,2025-08-11 13:07:42,RETURNED,WEST
79,505,2024-07-30 15:12:35,CANCELLED,CENTRAL
80,524,2024-03-02 18:47:23,SHIPPED,CENTRAL
81,434,2023-07-19 05:21:20,DELIVERED,CENTRAL
82,179,2024-06-23 11:52:15,SHIPPED,CENTRAL
83,9,15-12-2024,SHIPPED,CENTRAL
84,266,2023-06-06 12:09:04,DELIVERED,EAST
85,352,2025-01-02 05:01:43,DELIVERED,SOUTH
86,382,2024-10-13 00:55:02,DELIVERED,WEST
87,590,2023-10-07 10:45:23,CANCELLED,EAST
88,391,2024-01-02 07:27:14,CANCELLED,SOUTH
89,181,2025-01-04 18:14:03,SHIPPED,CENTRAL
90,499,2025-04-09 12:18:49,DELIVERED,CENTRAL
91,168,16-03-2023,CANCELLED,WEST
92,343,2025-09-05 10:57:55,DELIVERED,CENTRAL
93,422,2024-02-05 08:18:18,CANCELLED,CENTRAL
94,552,2023-11-06 01:41:45,DELIVERED,EAST
95,500,2024-05-20 00:14:39,DELIVERED,NORTH
96,475,2024-08-14 23:21:23,SHIPPED,SOUTH
97,346,2025-09-22 02:34:39,DELIVERED,WEST
98,352,2023-04-21 19:54:00,DELIVERED,EAST
99,405,2024-02-20 12:05:36,DELIVERED,EAST
100,462,2025-06-30 17:57:18,SHIPPED,NORTH
101,258,2023-07-14 05:49:32,DELIVERED,NORTH
102,106,2023-11-24 02:40:27,RETURNED,WEST
103,407,2025-05-01 23:05:31,RETURNED,NORTH
104,87,2024-02-12 16:55:46,CANCELLED,EAST
105,291,2023-12-23 07:00:35,SHIPPED,CENTRAL
106,,2023-09-23 00:43:36,CANCELLED,EAST
107,554,2025-01-09 16:20:07,DELIVERED,SOUTH
108,468,2025-12-19 17:15:57,DELIVERED,CENTRAL
109,547,2024-11-06 17:07:54,DELIVERED,CENTRAL
110,453,2023-12-19 19:57:43,DELIVERED,SOUTH
111,,2024-04-16 14:01:07,DELIVERED,SOUTH
112,548,18-06-2024,RETURNED,WEST
113,,2024-04-10 10:17:23,DELIVERED,SOUTH
114,194,2023-01-12 05:06:21,DELIVERED,WEST
115,400,2024-01-24 04:48:09,SHIPPED,NORTH
116,530,2024-10-17 22:13:30,RETURNED,EAST
117,545,2024-03-18 05:31:20,DELIVERED,NORTH
118,114,2023-10-11 08:37:57,DELIVERED,EAST
119,193,2025-12-24 03:30:40,SHIPPED,CENTRAL
120,105,2023-02-04 09:05:57,SHIPPED,WEST
121,155,13-01-2023,SHIPPED,WEST
122,511,2024-04-29 00:25:14,DELIVERED,NORTH
123,150,28-05-2024,DELIVERED,NORTH
124,197,2025-04-23 19:39:49,DELIVERED,WEST
125,255,2023-01-20 14:20:22,RETURNED,SOUTH
126,97,2023-02-22 01:21:15,RETURNED,WEST
127,320,2024-08-27 11:33:19,SHIPPED,NORTH
128,260,2025-05-03 17:49:31,DELIVERED,EAST
129,224,2023-03-22 21:57:47,SHIPPED,WEST
130,,2024-05-19 02:44:23,DELIVERED,WEST
131,,13-01-2024,DELIVERED,WEST
132,381,2025-12-05 09:39:21,SHIPPED,WEST
133,347,2023-05-22 23:41:48,RETURNED,NORTH
134,158,2023-04-03 20:34:42,DELIVERED,SOUTH
135,572,2025-01-27 20:06:03,DELIVERED,WEST
136,,2023-10-27 18:16:04,DELIVERED,EAST
137,449,2023-03-03 08:14:22,DELIVERED,WEST
138,557,2023-10-22 19:21:21,DELIVERED,EAST
139,568,2025-07-19 00:24:21,DELIVERED,WEST
140,555,2024-04-04 07:28:32,PLACED,CENTRAL
141,20,2024-08-11 19:46:06,DELIVERED,CENTRAL
142,65,2024-01-06 22:36:29,DELIVERED,WEST
143,510,2023-10-22 22:50:46,SHIPPED,EAST
144,330,2024-05-16 03:24:04,DELIVERED,NORTH
145,133,2023-03-10 00:08:04,PLACED,NORTH
146,33,2025-01-23 23:54:57,CANCELLED,WEST
147,263,27-03-2025,SHIPPED,NORTH
148,214,2023-01-21 07:53:07,RETURNED,NORTH
149,63,2024-12-28 02:30:34,DELIVERED,WEST
150,60,2024-07-27 07:52:35,DELIVERED,NORTH
151,80,2023-04-20 08:15:34,RETURNED,NORTH
152,545,2023-06-07 05:56:45,SHIPPED,SOUTH
153,184,2025-06-04 12:10:18,DELIVERED,NORTH
154,470,2025-09-19 01:38:22,DELIVERED,NORTH
155,564,2023-09-17 03:06:07,DELIVERED,SOUTH
156,454,2025-04-09 09:15:08,RETURNED,CENTRAL
157,423,2024-05-19 07:58:56,DELIVERED,EAST
158,559,2025-08-03 03:17:40,DELIVERED,EAST
159,459,2024-07-13 06:05:28,PLACED,NORTH
160,531,2024-03-17 22:15:50,CANCELLED,NORTH
161,220,2024-04-11 13:15:41,PLACED,EAST
162,585,2025-05-10 02:03:30,SHIPPED,NORTH
163,142,2024-12-16 03:49:49,CANCELLED,SOUTH
164,308,2023-12-28 22:39:05,DELIVERED,SOUTH
165,495,2023-04-30 22:16:58,CANCELLED,CENTRAL
166,308,29-05-2023,CANCELLED,WEST
167,343,2023-05-02 21:50:57,CANCELLED,WEST
168,233,2023-07-07 06:04:35,CANCELLED,NORTH
169,392,11-09-2025,DELIVERED,EAST
170,335,2025-04-18 18:02:21,SHIPPED,NORTH
171,403,2025-11-12 10:56:31,DELIVERED,CENTRAL
172,443,2025-02-23 01:40:26,DELIVERED,SOUTH
173,586,2024-06-06 05:15:29,DELIVERED,EAST
174,445,2023-05-13 03:58:28,SHIPPED,SOUTH
175,500,2025-01-17 02:05:25,DELIVERED,CENTRAL
176,537,2025-08-14 22:01:35,PLACED,WEST
177,590,2024-05-17 09:39:35,DELIVERED,WEST
178,329,2024-07-21 10:09:53,DELIVERED,EAST
179,453,2023-09-20 22:17:36,DELIVERED,SOUTH
180,160,2023-11-07 04:48:15,CANCELLED,NORTH
181,152,2023-03-26 17:19:28,CANCELLED,NORTH
182,114,2024-06-17 06:05:03,DELIVERED,EAST
183,217,2023-11-21 16:26:25,DELIVERED,EAST
184,145,2025-05-02 12:44:56,DELIVERED,WEST
185,540,24-06-2025,SHIPPED,EAST
186,278,08-11-2023,DELIVERED,NORTH
187,278,2023-04-14 10:56:44,RETURNED,EAST
188,,2023-06-17 14:29:03,DELIVERED,SOUTH
189,102,2024-08-14 09:34:10,DELIVERED,CENTRAL
190,204,2025-04-05 18:01:02,DELIVERED,NORTH
191,543,2023-03-03 18:04:37,DELIVERED,SOUTH
192,361,2023-01-29 12:57:58,DELIVERED,CENTRAL
193,264,2024-03-04 13:29:15,CANCELLED,NORTH
194,231,2025-05-12 01:38:18,CANCELLED,SOUTH
195,534,2023-05-17 09:14:07,DELIVERED,SOUTH
196,157,2024-10-10 07:18:52,DELIVERED,CENTRAL
197,135,2024-05-26 12:37:29,SHIPPED,CENTRAL
198,142,2025-11-28 15:10:53,DELIVERED,CENTRAL
199,149,2023-07-30 02:34:42,DELIVERED,SOUTH
200,546,2024-05-08 05:07:00,SHIPPED,EAST
201,327,2023-08-15 01:29:03,DELIVERED,WEST
202,281,2024-04-16 05:38:13,SHIPPED,SOUTH
203,,2023-10-14 23:50:55,DELIVERED,CENTRAL
204,238,2025-05-30 20:53:55,PLACED,NORTH
205,138,2025-12-04 23:45:59,DELIVERED,EAST
206,504,2023-10-13 19:08:24,SHIPPED,SOUTH
207,16,2023-02-20 01:36:17,RETURNED,SOUTH
208,210,08-11-2025,RETURNED,WEST
209,333,2025-08-16 13:38:25,CANCELLED,WEST
210,390,2024-09-20 22:31:37,DELIVERED,CENTRAL
211,40,2025-07-11 10:41:05,DELIVERED,NORTH
212,406,2024-01-17 17:10:01,PLACED,WEST
213,51,2025-03-12 18:35:50,DELIVERED,EAST
214,433,2024-03-20 03:40:06,RETURNED,CENTRAL
215,463,2023-08-09 23:04:38,DELIVERED,SOUTH
216,560,2025-06-28 11:04:22,DELIVERED,WEST
217,207,2023-02-08 16:47:27,PLACED,EAST
218,168,2025-12-10 13:05:41,SHIPPED,NORTH
219,88,2024-11-29 02:47:14,DELIVERED,CENTRAL
220,388,2025-08-08 19:43:04,PLACED,SOUTH
221,154,2024-06-04 16:54:21,SHIPPED,NORTH
222,457,2024-10-13 19:08:21,SHIPPED,SOUTH
223,,2023-11-12 02:51:35,PLACED,WEST
224,6,2025-02-13 14:43:48,DELIVERED,SOUTH
225,465,2025-07-03 18:22:43,PLACED,CENTRAL
226,561,2023-01-11 05:03:36,DELIVERED,SOUTH
227,57,2023-03-17 23:49:30,PLACED,NORTH
228,306,2025-11-02 03:26:00,PLACED,NORTH
229,166,2024-10-09 17:16:50,DELIVERED,CENTRAL
230,182,2025-06-08 00:14:28,DELIVERED,EAST
231,307,2023-02-25 16:12:49,CANCELLED,NORTH
232,67,2024-10-25 19:47:14,SHIPPED,EAST
233,538,2024-05-26 09:47:00,SHIPPED,NORTH
234,542,2023-06-19 19:04:57,DELIVERED,CENTRAL
235,325,2024-03-22 03:07:07,DELIVERED,CENTRAL
236,577,2024-07-03 16:36:31,DELIVERED,WEST
237,239,2025-02-04 01:53:48,RETURNED,NORTH
238,,2023-07-03 15:04:53,SHIPPED,SOUTH
239,424,13-08-2025,DELIVERED,SOUTH
240,289,2023-01-18 13:11:33,PLACED,EAST
241,7,2025-02-26 02:45:30,DELIVERED,WEST
242,30,2025-06-02 18:55:56,SHIPPED,EAST
243,486,2025-11-10 15:36:32,DELIVERED,WEST
244,550,2023-08-30 09:13:14,DELIVERED,WEST
245,307,2023-03-29 00:39:43,DELIVERED,CENTRAL
246,,2025-04-12 11:15:31,DELIVERED,EAST
247,288,2023-04-13 20:36:03,DELIVERED,WEST
248,170,2025-08-31 06:01:02,DELIVERED,CENTRAL
249,316,2023-07-01 12:17:01,DELIVERED,NORTH
250,509,2024-02-26 18:09:26,DELIVERED,EAST
251,180,2023-12-02 18:16:43,DELIVERED,SOUTH
252,26,2023-05-24 20:31:54,RETURNED,SOUTH
253,496,2023-10-23 11:36:19,DELIVERED,EAST
254,101,2023-08-11 14:25:35,RETURNED,SOUTH
255,471,2023-11-15 17:55:47,CANCELLED,NORTH
256,46,2023-01-07 09:13:37,DELIVERED,NORTH
257,48,2024-06-01 17:56:33,DELIVERED,EAST
258,320,2023-02-04 22:07:29,SHIPPED,SOUTH
259,546,2023-10-27 02:37:18,DELIVERED,NORTH
260,281,2024-02-28 13:17:08,RETURNED,CENTRAL
261,556,2025-03-09 13:34:14,DELIVERED,SOUTH
262,588,2025-12-30 04:12:32,PLACED,CENTRAL
263,52,2024-06-10 05:06:04,DELIVERED,NORTH
264,89,2023-06-14 13:14:30,SHIPPED,CENTRAL
265,457,2025-07-09 19:33:13,DELIVERED,SOUTH
266,81,2025-11-08 03:51:22,DELIVERED,WEST
267,480,2025-06-01 00:43:10,DELIVERED,WEST
268,230,2024-12-31 23:13:18,CANCELLED,EAST
269,339,2024-07-18 14:22:25,CANCELLED,WEST
270,,2025-01-27 07:34:06,DELIVERED,WEST
271,357,2023-09-23 07:56:35,SHIPPED,NORTH
272,110,2024-09-22 05:04:10,DELIVERED,EAST
273,424,2025-04-07 14:11:39,SHIPPED,SOUTH
274,349,2025-01-19 08:13:50,DELIVERED,WEST
275,351,2024-11-07 07:09:45,SHIPPED,NORTH
276,118,2025-06-10 23:17:27,DELIVERED,CENTRAL
277,181,2023-06-01 16:48:05,DELIVERED,CENTRAL
278,389,2023-06-18 22:17:37,DELIVERED,NORTH
279,143,2023-05-21 15:18:54,RETURNED,NORTH
280,464,2023-08-16 22:19:03,DELIVERED,CENTRAL
281,325,2024-11-25 15:19:28,DELIVERED,EAST
282,353,2024-11-06 07:47:54,DELIVERED,CENTRAL
283,131,2025-03-03 21:58:53,PLACED,CENTRAL
284,,2023-03-24 12:43:47,RETURNED,NORTH
285,241,2024-03-14 09:31:23,DELIVERED,EAST
286,446,2024-08-17 15:25:52,DELIVERED,WEST
287,394,2023-08-05 00:51:47,DELIVERED,WEST
288,129,2023-08-28 15:30:05,PLACED,NORTH
289,499,2023-08-12 16:33:20,RETURNED,SOUTH
290,426,2023-05-12 12:28:55,CANCELLED,CENTRAL
291,466,2024-10-23 07:24:06,DELIVERED,WEST
292,191,2024-08-20 15:12:15,PLACED,WEST
293,276,2024-01-03 18:40:42,DELIVERED,EAST
294,582,2023-02-21 23:32:56,DELIVERED,CENTRAL
295,82,2025-01-18 00:50:52,DELIVERED,EAST
296,536,2024-12-23 06:04:57,PLACED,WEST
297,80,2025-09-06 16:48:54,DELIVERED,CENTRAL
298,352,2024-04-30 10:50:02,PLACED,WEST
299,588,2025-03-07 09:27:57,DELIVERED,EAST
300,312,2024-03-25 06:28:20,DELIVERED,NORTH
301,174,2025-09-04 14:00:23,DELIVERED,EAST
302,,2025-08-27 20:13:30,SHIPPED,NORTH
303,288,2024-03-07 14:57:14,DELIVERED,NORTH
304,155,2025-07-27 00:05:55,DELIVERED,SOUTH
305,242,2024-02-10 20:12:08,DELIVERED,NORTH
306,149,2024-06-16 14:17:58,CANCELLED,WEST
307,244,2024-10-03 11:48:45,DELIVERED,SOUTH
308,354,24-11-2023,DELIVERED,NORTH
309,409,2023-03-23 14:12:24,DELIVERED,CENTRAL
310,400,2023-12-29 23:31:30,SHIPPED,WEST
311,460,2023-01-19 10:17:10,DELIVERED,CENTRAL
312,100,2025-11-26 19:28:26,DELIVERED,WEST
313,280,2025-08-06 08:33:05,DELIVERED,NORTH
314,401,2024-02-01 15:54:40,DELIVERED,SOUTH
315,200,2025-11-09 17:52:09,DELIVERED,SOUTH
316,9,2024-05-01 15:32:44,PLACED,NORTH
317,457,2025-03-26 23:16:16,DELIVERED,EAST
318,,2023-10-27 22:31:36,PLACED,CENTRAL
319,223,2025-10-17 00:01:40,DELIVERED,NORTH
320,134,2023-05-15 04:43:02,DELIVERED,CENTRAL
321,189,2023-10-15 00:40:23,DELIVERED,NORTH
322,284,2025-09-19 07:27:48,DELIVERED,EAST
323,76,2024-02-04 18:12:13,PLACED,WEST
324,265,2024-05-31 18:16:02,DELIVERED,WEST
325,206,2023-04-18 19:21:46,SHIPPED,WEST
326,442,2023-06-18 10:34:51,DELIVERED,WEST
327,75,07-02-2024,DELIVERED,WEST
328,153,2023-01-30 03:36:07,PLACED,NORTH
329,156,2025-10-29 10:18:05,RETURNED,CENTRAL
330,503,2023-01-06 18:05:09,DELIVERED,NORTH
331,394,2025-04-19 01:27:29,CANCELLED,WEST
332,368,2023-07-08 06:47:58,DELIVERED,NORTH
333,93,2025-09-09 04:49:41,CANCELLED,EAST
334,297,2023-05-05 23:38:46,SHIPPED,NORTH
335,307,2024-08-19 18:39:35,CANCELLED,EAST
336,449,2025-01-25 18:10:00,SHIPPED,SOUTH
337,245,2023-02-09 09:39:39,PLACED,CENTRAL
338,547,2025-09-26 11:58:31,CANCELLED,NORTH
339,346,2023-02-27 13:03:04,PLACED,NORTH
340,536,2023-11-25 19:56:03,DELIVERED,CENTRAL
341,239,2023-08-20 09:23:37,PLACED,SOUTH
342,483,2025-01-29 11:18:57,DELIVERED,SOUTH
343,15,2025-12-25 10:14:24,PLACED,EAST
344,175,2023-06-01 03:19:03,PLACED,NORTH
345,226,27-06-2023,SHIPPED,EAST
346,124,2025-11-19 20:30:16,DELIVERED,SOUTH
347,219,2024-05-14 13:44:23,DELIVERED,EAST
348,145,2023-04-09 05:04:58,SHIPPED,EAST
349,250,2025-05-09 16:32:08,PLACED,NORTH
350,162,09-09-2025,DELIVERED,NORTH
351,92,2023-01-12 05:19:48,DELIVERED,EAST
352,488,2024-10-08 13:53:23,SHIPPED,EAST
353,245,2025-03-23 14:05:30,DELIVERED,NORTH
354,512,2025-07-15 06:37:49,PLACED,EAST
355,572,2024-06-24 08:55:15,SHIPPED,CENTRAL
356,553,2023-05-29 15:21:09,DELIVERED,SOUTH
357,116,2024-03-05 09:55:48,DELIVERED,WEST
358,45,11-02-2025,DELIVERED,SOUTH
359,465,06-11-2024,DELIVERED,CENTRAL
360,30,2023-10-01 05:33:55,SHIPPED,SOUTH
361,334,2024-11-22 00:07:29,DELIVERED,EAST
362,334,2023-12-24 09:22:44,SHIPPED,WEST
363,226,07-11-2023,DELIVERED,NORTH
364,466,2024-11-08 02:13:38,DELIVERED,WEST
365,277,2023-10-29 14:37:12,SHIPPED,CENTRAL
366,114,2023-04-03 15:58:38,DELIVERED,SOUTH
367,303,2024-06-17 17:26:31,DELIVERED,CENTRAL
368,567,2023-09-21 23:39:14,PLACED,CENTRAL
369,222,2025-01-29 23:11:50,CANCELLED,EAST
370,253,2023-01-23 12:44:34,DELIVERED,SOUTH
371,588,2025-07-08 06:50:43,DELIVERED,NORTH
372,517,04-03-2023,DELIVERED,WEST
373,464,2025-12-18 05:07:30,PLACED,NORTH
374,224,2025-12-12 18:52:18,DELIVERED,NORTH
375,313,2023-01-25 17:55:10,DELIVERED,CENTRAL
376,,2025-06-25 16:25:34,DELIVERED,WEST
377,380,2023-10-15 07:16:36,DELIVERED,NORTH
378,341,2025-09-01 11:37:35,DELIVERED,EAST
379,556,2025-12-20 09:22:33,SHIPPED,NORTH
380,57,2025-08-21 20:14:48,RETURNED,EAST
381,375,2023-03-22 02:23:32,PLACED,EAST
382,69,2023-09-30 06:26:32,DELIVERED,SOUTH
383,117,2024-06-04 07:05:00,DELIVERED,CENTRAL
384,231,2025-12-27 19:54:33,CANCELLED,CENTRAL
385,56,22-11-2025,DELIVERED,WEST
386,126,2025-02-17 23:24:52,DELIVERED,CENTRAL
387,377,2024-03-30 00:24:17,RETURNED,NORTH
388,469,2023-10-20 14:19:49,DELIVERED,SOUTH
389,79,2024-03-23 23:18:46,DELIVERED,SOUTH
390,210,2025-02-10 00:28:35,DELIVERED,EAST
391,555,2024-10-09 01:36:43,DELIVERED,WEST
392,22,2024-11-20 12:18:07,PLACED,SOUTH
393,422,2025-03-18 04:51:20,DELIVERED,EAST
394,543,2025-01-25 04:55:32,DELIVERED,EAST
395,314,2025-05-31 04:40:29,DELIVERED,WEST
396,49,2024-07-31 17:31:23,DELIVERED,SOUTH
397,549,2025-08-19 00:12:23,RETURNED,SOUTH
398,43,2023-09-08 12:00:41,DELIVERED,WEST
399,211,2024-02-09 12:41:02,PLACED,EAST
400,460,2024-06-18 03:32:45,SHIPPED,EAST
401,415,2023-07-08 17:28:34,DELIVERED,WEST
402,560,2024-05-12 10:35:23,DELIVERED,EAST
403,588,2025-01-06 04:40:13,DELIVERED,WEST
404,491,2024-06-10 03:04:14,SHIPPED,CENTRAL
405,412,2023-07-01 13:27:24,SHIPPED,EAST
406,200,2023-05-24 15:56:47,SHIPPED,EAST
407,,2023-11-01 00:48:33,DELIVERED,NORTH
408,503,2025-03-06 00:49:18,DELIVERED,NORTH
409,152,2025-11-01 18:51:09,DELIVERED,WEST
410,,2024-08-02 04:09:10,DELIVERED,WEST
411,455,2025-05-21 12:49:36,DELIVERED,WEST
412,435,2024-03-24 09:03:22,DELIVERED,CENTRAL
413,213,2025-07-17 20:39:32,RETURNED,CENTRAL
414,385,2024-06-05 01:14:33,DELIVERED,EAST
415,474,2024-10-05 22:12:09,DELIVERED,SOUTH
416,391,2023-11-06 12:51:37,DELIVERED,EAST
417,573,2025-06-28 02:08:42,SHIPPED,NORTH
418,484,2023-08-28 06:25:47,DELIVERED,EAST
419,251,10-10-2024,DELIVERED,WEST
420,371,2023-04-14 15:40:54,DELIVERED,EAST
421,123,2025-09-02 13:23:22,DELIVERED,NORTH
422,60,2024-02-08 04:14:51,DELIVERED,SOUTH
423,280,2024-07-09 04:17:45,DELIVERED,EAST
424,543,2023-03-17 16:13:23,PLACED,SOUTH
425,97,2025-09-02 14:39:13,SHIPPED,EAST
426,309,2024-05-06 05:10:45,DELIVERED,EAST
427,361,2023-05-29 20:55:42,PLACED,CENTRAL
428,497,2024-03-13 04:00:52,RETURNED,SOUTH
429,516,2023-06-09 02:24:52,SHIPPED,CENTRAL
430,539,2025-08-10 22:16:00,DELIVERED,NORTH
431,79,2024-10-10 07:47:46,SHIPPED,NORTH
432,372,2025-01-14 21:44:07,DELIVERED,CENTRAL
433,351,2025-03-23 15:22:06,DELIVERED,NORTH
434,146,2023-12-12 10:06:05,DELIVERED,SOUTH
435,436,2023-07-22 06:53:17,DELIVERED,NORTH
436,442,30-01-2023,SHIPPED,CENTRAL
437,122,2025-07-10 11:12:38,PLACED,EAST
438,,2025-11-03 01:25:33,SHIPPED,CENTRAL
439,205,2023-11-16 01:54:40,DELIVERED,NORTH
440,285,2023-08-15 02:45:26,DELIVERED,SOUTH
441,248,2025-02-16 17:00:13,PLACED,CENTRAL
442,197,2023-01-22 17:22:22,SHIPPED,CENTRAL
443,102,2023-01-07 17:23:38,RETURNED,WEST
444,190,2024-07-23 06:43:54,RETURNED,SOUTH
445,435,2024-07-05 04:44:08,SHIPPED,NORTH
446,113,2024-05-03 05:13:04,DELIVERED,EAST
447,42,2025-12-30 18:16:22,DELIVERED,WEST
448,320,2024-03-16 13:48:03,CANCELLED,SOUTH
449,439,2025-05-10 11:28:52,PLACED,WEST
450,14,2025-11-20 23:50:34,DELIVERED,NORTH
451,88,2024-09-07 17:44:08,DELIVERED,CENTRAL
452,173,08-06-2023,RETURNED,EAST
453,414,2023-11-08 02:21:51,CANCELLED,WEST
454,596,2024-03-08 15:54:57,DELIVERED,WEST
455,415,2024-07-07 04:16:11,DELIVERED,SOUTH
456,257,2024-12-07 06:00:42,SHIPPED,SOUTH
457,55,2023-02-16 04:10:23,DELIVERED,NORTH
458,335,2023-10-06 05:10:16,DELIVERED,NORTH
459,533,2023-04-29 20:46:12,DELIVERED,SOUTH
460,503,2024-04-01 00:49:09,DELIVERED,CENTRAL
461,,2025-04-29 03:28:19,RETURNED,NORTH
462,386,2024-08-18 22:45:30,PLACED,SOUTH
463,311,2025-05-14 18:01:59,SHIPPED,WEST
464,399,2023-07-28 22:05:06,SHIPPED,WEST
465,553,2025-10-22 09:30:48,DELIVERED,SOUTH
466,270,2025-02-26 02:35:16,RETURNED,CENTRAL
467,292,2025-11-16 21:17:33,PLACED,NORTH
468,358,2023-07-19 03:34:12,DELIVERED,EAST
469,354,2024-08-14 04:48:14,DELIVERED,NORTH
470,241,2025-10-24 04:48:51,DELIVERED,NORTH
471,174,18-04-2024,DELIVERED,WEST
472,582,2025-10-18 19:21:37,DELIVERED,NORTH
473,23,2025-12-17 03:12:45,DELIVERED,WEST
474,501,2024-05-15 20:44:23,DELIVERED,EAST
475,348,2025-02-10 15:29:19,DELIVERED,WEST
476,78,2023-11-10 10:06:24,DELIVERED,EAST
477,,2024-02-16 21:41:55,DELIVERED,SOUTH
478,95,2025-08-28 05:44:33,DELIVERED,CENTRAL
479,581,2024-06-07 06:13:59,DELIVERED,SOUTH
480,310,2024-06-23 12:53:49,DELIVERED,CENTRAL
481,412,2024-05-01 18:38:43,DELIVERED,CENTRAL
482,529,2023-10-08 13:17:15,DELIVERED,SOUTH
483,479,2025-10-23 12:38:28,DELIVERED,CENTRAL
484,62,2024-11-04 18:25:14,DELIVERED,SOUTH
485,308,2024-01-09 09:47:25,DELIVERED,NORTH
486,423,2025-09-11 18:31:47,DELIVERED,SOUTH
487,242,2024-02-03 09:01:24,SHIPPED,SOUTH
488,318,2023-02-13 00:53:11,DELIVERED,WEST
489,38,2024-10-17 14:00:48,DELIVERED,NORTH
490,285,2024-02-06 09:43:57,SHIPPED,NORTH
491,57,2025-01-24 17:30:04,PLACED,CENTRAL
492,417,2024-04-07 21:28:07,DELIVERED,NORTH
493,144,2024-09-08 13:19:11,DELIVERED,CENTRAL
494,595,2023-07-07 09:52:57,RETURNED,EAST
495,244,2025-02-10 05:02:18,DELIVERED,EAST
496,400,2024-05-26 12:40:06,DELIVERED,WEST
497,180,2023-12-05 15:56:30,DELIVERED,WEST
498,58,2024-01-31 01:12:42,DELIVERED,NORTH
499,487,2024-05-06 15:36:01,RETURNED,SOUTH
500,377,2024-07-17 21:32:48,PLACED,CENTRAL
501,56,2023-02-24 01:47:22,DELIVERED,SOUTH
502,317,2024-01-28 23:53:09,DELIVERED,NORTH
503,454,2025-04-10 22:54:57,RETURNED,WEST
504,242,2024-02-01 22:59:11,CANCELLED,SOUTH
505,417,2024-11-12 17:21:32,DELIVERED,NORTH
506,423,2025-02-02 19:36:04,DELIVERED,WEST
507,268,2023-06-05 23:01:04,DELIVERED,CENTRAL
508,465,2025-04-30 20:46:11,DELIVERED,SOUTH
509,140,05-09-2025,SHIPPED,EAST
510,114,2024-05-02 08:23:47,DELIVERED,SOUTH
511,328,2025-07-11 18:31:34,CANCELLED,SOUTH
512,336,2024-02-09 22:51:01,SHIPPED,WEST
513,387,2024-07-25 01:06:18,CANCELLED,SOUTH
514,572,2023-02-02 05:02:35,DELIVERED,NORTH
515,173,19-12-2024,DELIVERED,CENTRAL
516,377,2024-02-09 03:23:06,DELIVERED,NORTH
517,465,2025-03-27 20:39:01,DELIVERED,SOUTH
518,273,2023-11-12 13:48:29,DELIVERED,SOUTH
519,221,2024-11-01 00:20:58,DELIVERED,SOUTH
520,150,11-10-2024,RETURNED,SOUTH
521,255,2025-08-17 12:47:18,DELIVERED,WEST
522,,2023-05-14 04:34:10,DELIVERED,WEST
523,393,2025-12-02 23:42:55,DELIVERED,EAST
524,61,24-04-2023,RETURNED,WEST
525,47,04-07-2024,DELIVERED,WEST
526,380,2024-04-14 22:17:29,CANCELLED,NORTH
527,174,2025-06-20 18:07:14,RETURNED,WEST
528,544,2023-07-24 22:19:00,DELIVERED,EAST
529,512,2023-03-10 14:29:04,CANCELLED,EAST
530,270,2024-10-30 02:46:08,DELIVERED,EAST
531,169,2025-03-14 02:08:19,RETURNED,SOUTH
532,451,13-05-2025,SHIPPED,SOUTH
533,,2023-10-12 12:00:12,DELIVERED,WEST
534,507,30-06-2023,DELIVERED,CENTRAL
535,116,2025-01-23 17:32:56,CANCELLED,NORTH
536,291,2024-06-27 02:11:35,SHIPPED,CENTRAL
537,600,2024-02-28 18:24:22,RETURNED,NORTH
538,185,2025-03-28 03:16:32,PLACED,WEST
539,337,17-11-2025,DELIVERED,NORTH
540,109,2024-09-04 07:42:55,SHIPPED,NORTH
541,492,2024-12-15 22:44:11,RETURNED,CENTRAL
542,,2025-10-19 04:15:11,DELIVERED,WEST
543,583,2024-05-19 17:43:35,CANCELLED,EAST
544,73,2024-05-17 00:40:56,DELIVERED,NORTH
545,246,2024-09-11 14:31:21,CANCELLED,NORTH
546,167,2023-02-01 20:44:38,DELIVERED,SOUTH
547,443,2023-07-07 08:22:04,RETURNED,CENTRAL
548,99,2023-07-23 22:43:18,DELIVERED,WEST
549,488,2024-11-22 23:17:48,DELIVERED,NORTH
550,191,2024-10-18 09:17:48,DELIVERED,NORTH
551,475,2025-03-08 10:45:24,DELIVERED,SOUTH
552,538,2025-02-08 10:57:07,DELIVERED,NORTH
553,131,2025-01-11 22:38:32,DELIVERED,SOUTH
554,583,23-03-2025,PLACED,NORTH
555,436,2025-03-08 13:28:50,DELIVERED,CENTRAL
556,600,2024-01-29 14:42:12,DELIVERED,NORTH
557,187,2025-10-24 17:25:39,PLACED,WEST
558,466,2025-12-30 05:08:09,DELIVERED,EAST
559,192,2024-06-14 05:52:04,PLACED,CENTRAL
560,109,2024-02-07 20:03:48,PLACED,WEST
561,,2023-07-01 06:04:51,DELIVERED,WEST
562,499,2025-10-18 17:28:13,CANCELLED,CENTRAL
563,405,2024-07-14 08:56:37,PLACED,SOUTH
564,17,2023-01-22 13:19:54,SHIPPED,NORTH
565,149,2023-11-22 00:38:25,DELIVERED,CENTRAL
566,475,2023-10-24 13:48:24,DELIVERED,NORTH
567,456,2023-09-16 00:51:41,DELIVERED,WEST
568,302,2025-06-28 02:49:00,CANCELLED,NORTH
569,,2024-06-02 14:49:56,DELIVERED,WEST
570,568,2025-02-09 01:09:18,PLACED,WEST
571,500,2025-01-25 03:09:26,PLACED,NORTH
572,567,17-10-2024,CANCELLED,WEST
573,356,2025-01-05 07:19:07,DELIVERED,SOUTH
574,481,2024-03-23 09:49:12,SHIPPED,SOUTH
575,348,2025-07-01 21:30:16,CANCELLED,WEST
576,400,2023-07-23 17:56:44,CANCELLED,EAST
577,166,2025-01-03 17:32:47,DELIVERED,NORTH
578,178,2025-11-02 05:40:01,DELIVERED,NORTH
579,506,2024-10-08 05:01:15,SHIPPED,NORTH
580,268,2023-01-29 03:57:27,SHIPPED,CENTRAL
581,346,2023-02-19 15:55:41,DELIVERED,NORTH
582,265,2025-05-23 00:11:13,DELIVERED,NORTH
583,155,2025-05-15 07:17:54,CANCELLED,CENTRAL
584,52,2025-11-06 00:14:35,DELIVERED,WEST
585,105,2023-06-22 07:48:05,PLACED,NORTH
586,211,2023-09-17 11:56:14,SHIPPED,EAST
587,511,2024-11-16 20:58:50,PLACED,EAST
588,126,2024-06-03 19:04:21,DELIVERED,WEST
589,486,2023-01-11 05:36:09,DELIVERED,NORTH
590,425,2024-02-18 05:46:53,DELIVERED,SOUTH
591,234,2025-04-02 18:47:36,DELIVERED,WEST
592,529,2024-12-13 15:33:13,DELIVERED,NORTH
593,11,2024-11-18 12:31:46,DELIVERED,NORTH
594,412,2023-05-12 16:45:39,SHIPPED,NORTH
595,155,2024-09-02 22:01:44,PLACED,CENTRAL
596,567,2024-04-04 09:24:20,DELIVERED,EAST
597,,2024-06-18 15:06:59,DELIVERED,SOUTH
598,211,2025-12-23 20:53:32,DELIVERED,CENTRAL
599,354,2025-10-09 21:42:16,DELIVERED,WEST
600,87,03-11-2023,DELIVERED,SOUTH
601,291,2025-03-19 12:31:00,DELIVERED,EAST
602,164,20-03-2025,CANCELLED,CENTRAL
603,312,2025-07-09 10:08:07,RETURNED,NORTH
604,266,2023-04-04 02:56:20,DELIVERED,NORTH
605,460,2025-10-08 05:38:16,DELIVERED,WEST
606,596,2024-06-10 14:06:04,CANCELLED,CENTRAL
607,307,2025-07-14 03:40:22,DELIVERED,CENTRAL
608,387,2025-11-10 14:08:57,SHIPPED,EAST
609,370,2025-03-13 06:43:10,SHIPPED,WEST
610,64,2024-10-02 02:26:51,SHIPPED,SOUTH
611,539,2024-11-24 02:12:10,DELIVERED,WEST
612,434,2024-02-14 15:12:50,DELIVERED,WEST
613,148,2024-10-09 15:59:30,DELIVERED,WEST
614,526,2023-07-20 23:49:45,SHIPPED,SOUTH
615,161,2024-12-08 11:44:58,DELIVERED,NORTH
616,113,2025-07-23 13:16:53,DELIVERED,NORTH
617,381,2025-03-23 02:33:28,DELIVERED,EAST
618,,2025-01-24 20:37:02,DELIVERED,WEST
619,313,2023-03-17 13:50:32,SHIPPED,WEST
620,358,04-01-2023,PLACED,WEST
621,464,2025-06-09 05:11:29,DELIVERED,WEST
622,142,2025-07-29 22:29:41,DELIVERED,WEST
623,334,2025-11-02 11:47:32,DELIVERED,CENTRAL
624,405,2024-09-28 08:03:03,PLACED,WEST
625,170,2024-03-06 21:17:35,DELIVERED,EAST
626,573,2025-05-21 13:14:58,RETURNED,CENTRAL
627,584,2025-06-15 02:44:05,DELIVERED,CENTRAL
628,545,2023-01-29 23:50:49,PLACED,SOUTH
629,594,2024-01-17 00:57:02,CANCELLED,CENTRAL
630,47,2024-05-12 18:32:22,RETURNED,EAST
631,25,2024-11-09 21:11:25,DELIVERED,EAST
632,102,2023-05-22 09:39:40,DELIVERED,SOUTH
633,158,2024-02-01 23:45:47,DELIVERED,SOUTH
634,334,2023-04-02 12:27:47,DELIVERED,EAST
635,146,2024-08-28 18:00:22,DELIVERED,WEST
636,246,2023-07-07 21:56:57,DELIVERED,WEST
637,395,2025-03-01 02:46:31,DELIVERED,EAST
638,68,2024-12-23 01:52:38,DELIVERED,SOUTH
639,104,2023-01-29 22:18:34,DELIVERED,SOUTH
640,457,2024-04-18 04:47:23,DELIVERED,SOUTH
641,173,2023-08-10 03:49:39,DELIVERED,WEST
642,2,2025-05-12 09:34:33,RETURNED,CENTRAL
643,172,25-03-2024,RETURNED,WEST
644,390,2024-02-29 13:28:19,CANCELLED,SOUTH
645,289,28-06-2025,DELIVERED,CENTRAL
646,405,2023-04-19 15:22:26,CANCELLED,CENTRAL
647,216,2024-03-10 02:57:37,RETURNED,EAST
648,268,2025-11-25 14:34:05,DELIVERED,EAST
649,330,2024-01-18 00:52:15,DELIVERED,CENTRAL
650,,2024-05-25 05:46:25,DELIVERED,NORTH
651,10,2025-08-03 17:12:54,DELIVERED,WEST
652,80,2024-09-02 04:18:46,CANCELLED,WEST
653,386,2025-11-10 07:08:39,DELIVERED,SOUTH
654,128,2025-12-18 19:10:00,RETURNED,WEST
655,21,2023-01-15 13:05:21,DELIVERED,EAST
656,311,2023-10-25 12:04:22,SHIPPED,WEST
657,,2024-07-17 21:35:25,DELIVERED,CENTRAL
658,,2023-11-21 19:18:11,DELIVERED,NORTH
659,506,2024-03-06 20:15:58,SHIPPED,CENTRAL
660,579,2025-11-10 04:31:14,DELIVERED,NORTH
661,584,2023-07-17 22:58:07,CANCELLED,EAST
662,24,2023-10-26 00:44:38,DELIVERED,CENTRAL
663,574,2025-08-12 12:36:02,PLACED,WEST
664,54,2025-09-22 16:57:18,DELIVERED,WEST
665,531,2024-03-01 16:47:15,DELIVERED,NORTH
666,,2023-12-15 19:45:50,DELIVERED,EAST
667,343,2023-01-09 00:21:07,DELIVERED,NORTH
668,434,2023-12-17 12:01:17,RETURNED,SOUTH
669,65,2023-09-13 12:19:03,PLACED,WEST
670,343,2024-11-02 00:13:25,SHIPPED,WEST
671,56,2024-01-06 06:40:31,DELIVERED,SOUTH
672,450,2023-04-24 06:18:46,DELIVERED,CENTRAL
673,63,2023-07-13 21:51:52,DELIVERED,NORTH
674,453,18-07-2023,DELIVERED,WEST
675,58,2023-04-13 04:50:19,DELIVERED,WEST
676,421,2024-09-15 23:49:48,DELIVERED,CENTRAL
677,476,2023-01-17 11:26:26,CANCELLED,CENTRAL
678,27,2023-06-07 07:54:53,DELIVERED,SOUTH
679,70,2023-06-17 18:46:39,CANCELLED,CENTRAL
680,263,2023-07-15 16:56:07,DELIVERED,CENTRAL
681,141,2024-11-21 16:47:45,PLACED,EAST
682,367,2025-06-27 00:34:14,CANCELLED,SOUTH
683,352,2023-08-17 23:48:29,RETURNED,CENTRAL
684,149,30-06-2025,DELIVERED,CENTRAL
685,201,2023-03-26 19:54:26,DELIVERED,SOUTH
686,488,2023-04-17 06:16:39,RETURNED,CENTRAL
687,593,2025-12-11 15:03:32,DELIVERED,EAST
688,108,2024-10-12 10:05:30,DELIVERED,NORTH
689,4,2025-02-09 09:38:08,DELIVERED,WEST
690,493,2025-08-27 05:25:27,RETURNED,EAST
691,189,2024-08-06 23:00:28,PLACED,NORTH
692,569,2023-04-25 12:53:48,DELIVERED,SOUTH
693,369,07-09-2025,PLACED,SOUTH
694,269,2024-03-17 08:02:55,DELIVERED,CENTRAL
695,23,2024-01-18 02:12:44,DELIVERED,NORTH
696,141,2023-02-02 14:42:14,DELIVERED,NORTH
697,313,2024-06-09 15:50:34,DELIVERED,EAST
698,540,2025-10-23 16:27:46,RETURNED,WEST
699,134,2023-04-12 13:27:02,SHIPPED,WEST
700,440,2025-12-14 15:23:22,SHIPPED,NORTH
701,549,2025-08-14 23:11:19,SHIPPED,SOUTH
702,287,2023-03-24 17:38:18,CANCELLED,CENTRAL
703,84,2025-01-29 14:53:32,DELIVERED,CENTRAL
704,398,2023-04-11 18:38:32,DELIVERED,CENTRAL
705,476,2024-08-04 09:39:04,DELIVERED,CENTRAL
706,507,2025-12-14 21:11:50,DELIVERED,CENTRAL
707,,2025-10-06 07:57:39,SHIPPED,SOUTH
708,436,2024-09-07 00:13:15,DELIVERED,EAST
709,138,2024-01-31 09:32:16,DELIVERED,CENTRAL
710,43,2024-06-30 03:39:51,DELIVERED,WEST
711,419,2024-12-01 20:08:09,DELIVERED,EAST
712,,2024-08-16 23:49:17,DELIVERED,NORTH
713,302,2024-07-11 19:57:17,DELIVERED,NORTH
714,101,2024-03-05 09:52:08,DELIVERED,CENTRAL
715,338,2023-11-08 03:58:16,DELIVERED,EAST
716,142,2023-10-24 03:39:54,DELIVERED,CENTRAL
717,,2024-02-10 15:50:06,CANCELLED,WEST
718,13,2024-09-22 07:46:21,DELIVERED,SOUTH
719,215,2024-09-09 12:04:16,DELIVERED,CENTRAL
720,473,2024-12-29 03:49:53,PLACED,SOUTH
721,428,2024-10-28 02:33:38,DELIVERED,CENTRAL
722,592,2023-02-16 18:21:40,DELIVERED,NORTH
723,364,2025-02-15 09:54:08,DELIVERED,WEST
724,334,2025-12-08 16:23:58,DELIVERED,NORTH
725,339,2023-08-05 03:19:08,DELIVERED,CENTRAL
726,391,2025-06-10 11:44:59,DELIVERED,CENTRAL
727,112,2024-08-23 07:17:52,RETURNED,EAST
728,567,2023-05-25 20:17:43,CANCELLED,CENTRAL
729,,2025-01-29 00:49:30,RETURNED,WEST
730,299,2024-03-16 21:29:16,PLACED,NORTH
731,176,2024-07-26 16:21:09,RETURNED,WEST
732,133,2023-09-01 22:42:21,DELIVERED,NORTH
733,212,2024-08-27 06:42:22,SHIPPED,WEST
734,589,2025-10-29 17:15:58,DELIVERED,CENTRAL
735,207,29-11-2025,SHIPPED,NORTH
736,253,2024-09-12 04:37:51,RETURNED,WEST
737,41,2024-12-15 21:40:10,DELIVERED,WEST
738,305,2024-06-22 16:57:50,CANCELLED,SOUTH
739,443,2024-10-06 18:17:18,RETURNED,SOUTH
740,403,2025-12-21 02:47:20,PLACED,SOUTH
741,551,2024-03-01 07:07:09,RETURNED,SOUTH
742,567,2025-02-05 14:33:01,DELIVERED,NORTH
743,334,2025-02-22 13:12:09,SHIPPED,SOUTH
744,,25-02-2025,DELIVERED,WEST
745,409,2024-08-15 02:30:34,DELIVERED,NORTH
746,140,2024-01-25 07:15:32,DELIVERED,WEST
747,562,2024-12-17 16:38:08,DELIVERED,WEST
748,286,2023-08-06 21:06:49,SHIPPED,NORTH
749,302,2025-07-31 22:10:25,DELIVERED,SOUTH
750,12,2023-05-01 12:35:22,SHIPPED,EAST
751,36,2023-10-04 10:05:33,DELIVERED,WEST
752,,2025-12-18 08:26:17,DELIVERED,NORTH
753,455,29-08-2024,PLACED,WEST
754,384,2023-11-10 09:20:22,SHIPPED,NORTH
755,,17-10-2024,CANCELLED,NORTH
756,99,2023-12-09 15:21:55,CANCELLED,SOUTH
757,,2023-09-17 11:58:23,CANCELLED,EAST
758,213,2025-05-23 02:53:46,DELIVERED,WEST
759,109,2023-07-07 15:53:53,SHIPPED,WEST
760,399,2025-10-12 22:37:02,SHIPPED,EAST
761,45,06-10-2025,SHIPPED,EAST
762,105,2025-07-19 07:27:29,DELIVERED,CENTRAL
763,98,2023-09-24 08:27:32,RETURNED,WEST
764,137,2025-11-19 01:57:47,DELIVERED,EAST
765,344,01-11-2025,RETURNED,WEST
766,239,2024-08-16 23:50:20,DELIVERED,NORTH
767,,2023-12-28 08:10:36,SHIPPED,SOUTH
768,82,27-10-2024,DELIVERED,EAST
769,210,2023-11-10 19:32:43,SHIPPED,CENTRAL
770,337,2024-11-20 07:18:42,DELIVERED,NORTH
771,425,2025-03-20 03:32:51,DELIVERED,NORTH
772,340,2023-12-22 18:06:44,SHIPPED,NORTH
773,228,2025-10-30 01:13:16,DELIVERED,EAST
774,7,13-10-2023,DELIVERED,SOUTH
775,145,2023-03-22 22:41:04,SHIPPED,SOUTH
776,210,2025-07-09 14:52:19,PLACED,WEST
777,203,2024-04-28 20:10:52,SHIPPED,SOUTH
778,460,2024-04-15 20:24:48,SHIPPED,WEST
779,369,2023-05-05 07:12:41,SHIPPED,WEST
780,444,2024-10-18 15:17:45,CANCELLED,WEST
781,438,2023-01-31 18:36:37,DELIVERED,EAST
782,567,2025-07-13 14:02:38,DELIVERED,WEST
783,385,2024-04-20 02:48:47,DELIVERED,EAST
784,201,2023-08-01 06:55:04,SHIPPED,NORTH
785,384,2025-02-16 19:26:30,RETURNED,WEST
786,316,2024-08-02 15:51:00,DELIVERED,WEST
787,128,2023-03-02 07:34:17,DELIVERED,SOUTH
788,357,2024-11-08 18:21:58,DELIVERED,EAST
789,395,2025-12-17 21:44:23,DELIVERED,SOUTH
790,,2025-01-12 02:53:59,DELIVERED,NORTH
791,152,2025-12-19 11:37:09,DELIVERED,SOUTH
792,593,2024-01-31 00:32:42,CANCELLED,NORTH
793,394,2023-07-01 08:02:01,DELIVERED,NORTH
794,434,2025-03-16 12:27:43,DELIVERED,EAST
795,392,2025-02-16 17:27:58,DELIVERED,NORTH
796,353,2023-06-19 18:01:57,DELIVERED,SOUTH
797,7,2024-09-10 05:24:18,CANCELLED,NORTH
798,428,2023-05-31 11:36:00,DELIVERED,WEST
799,191,2023-09-23 01:42:22,SHIPPED,SOUTH
800,462,2025-02-19 18:47:55,SHIPPED,SOUTH
801,197,2023-04-02 15:00:38,RETURNED,WEST
802,112,2024-11-15 15:37:19,SHIPPED,EAST
803,284,14-05-2023,PLACED,SOUTH
804,104,12-01-2025,DELIVERED,NORTH
805,43,2025-10-30 13:00:44,DELIVERED,NORTH
806,273,2024-08-06 13:50:10,DELIVERED,EAST
807,380,2025-07-27 20:36:16,DELIVERED,EAST
808,409,2024-01-08 04:49:28,PLACED,EAST
809,4,2024-05-28 00:48:29,DELIVERED,SOUTH
810,544,2023-02-09 21:26:08,DELIVERED,SOUTH
811,487,2024-07-26 08:03:43,DELIVERED,NORTH
812,330,18-09-2025,DELIVERED,NORTH
813,240,2024-05-20 16:27:32,DELIVERED,CENTRAL
814,488,2023-05-07 09:39:53,CANCELLED,NORTH
815,200,2024-08-20 20:33:59,CANCELLED,CENTRAL
816,,2025-02-22 22:13:00,PLACED,CENTRAL
817,457,2024-12-26 03:40:44,DELIVERED,CENTRAL
818,175,2024-01-10 05:27:47,DELIVERED,NORTH
819,30,2023-06-13 20:11:40,RETURNED,WEST
820,264,2024-03-11 12:29:53,RETURNED,NORTH
821,548,2025-10-30 18:45:26,DELIVERED,EAST
822,67,2023-12-14 16:06:01,DELIVERED,WEST
823,576,2025-10-12 19:53:29,DELIVERED,SOUTH
824,298,2023-12-14 06:34:45,PLACED,CENTRAL
825,119,2023-10-20 06:58:40,SHIPPED,EAST
826,2,2024-08-13 14:42:03,DELIVERED,SOUTH
827,328,2024-08-25 23:06:50,DELIVERED,SOUTH
828,228,2025-03-18 09:44:09,PLACED,WEST
829,304,2024-05-05 18:35:00,DELIVERED,WEST
830,150,2023-08-18 00:24:56,CANCELLED,NORTH
831,515,2025-07-19 07:52:34,SHIPPED,CENTRAL
832,221,2025-01-12 23:40:23,DELIVERED,WEST
833,342,2023-04-02 08:41:31,DELIVERED,SOUTH
834,184,2025-12-24 01:04:51,DELIVERED,EAST
835,164,2025-10-21 02:37:58,DELIVERED,EAST
836,357,2024-10-18 05:36:37,DELIVERED,CENTRAL
837,200,2024-03-15 16:29:28,DELIVERED,NORTH
838,595,2023-07-23 08:19:52,PLACED,EAST
839,592,2024-12-11 18:02:52,DELIVERED,EAST
840,201,2023-08-13 23:23:18,PLACED,CENTRAL
841,152,2023-06-08 08:53:27,RETURNED,SOUTH
842,486,2023-03-29 12:11:27,PLACED,CENTRAL
843,445,2025-10-06 21:24:10,DELIVERED,WEST
844,,2024-01-16 14:17:58,DELIVERED,CENTRAL
845,385,2023-09-25 22:46:53,RETURNED,NORTH
846,392,2024-12-21 07:00:40,DELIVERED,EAST
847,85,2023-01-19 00:34:10,DELIVERED,CENTRAL
848,,2023-12-16 10:11:10,DELIVERED,EAST
849,186,2025-12-13 15:58:27,RETURNED,WEST
850,102,2024-04-08 11:47:30,DELIVERED,CENTRAL
851,21,2023-10-15 05:11:35,CANCELLED,CENTRAL
852,599,2025-01-28 22:57:31,CANCELLED,NORTH
853,121,2023-11-19 06:48:35,DELIVERED,SOUTH
854,322,2023-01-09 06:29:35,SHIPPED,SOUTH
855,576,2025-10-10 20:12:05,DELIVERED,NORTH
856,373,2023-07-13 17:47:28,SHIPPED,NORTH
857,532,2024-01-21 18:40:39,DELIVERED,CENTRAL
858,503,2024-11-22 03:49:50,DELIVERED,EAST
859,215,2025-07-30 15:44:06,DELIVERED,NORTH
860,,2024-01-04 07:44:31,CANCELLED,SOUTH
861,222,2023-07-28 11:38:13,DELIVERED,CENTRAL
862,262,2024-10-17 13:51:36,DELIVERED,SOUTH
863,261,2024-09-13 11:17:40,RETURNED,SOUTH
864,276,2025-04-12 11:57:40,DELIVERED,SOUTH
865,524,2024-08-01 02:28:08,DELIVERED,SOUTH
866,445,2024-05-06 10:46:05,RETURNED,SOUTH
867,545,2023-05-01 10:19:35,DELIVERED,NORTH
868,372,2024-05-26 15:20:16,DELIVERED,SOUTH
869,101,2023-12-17 17:08:48,RETURNED,WEST
870,127,2023-06-13 02:47:07,DELIVERED,EAST
871,502,2025-07-03 17:03:48,DELIVERED,CENTRAL
872,102,2024-03-14 01:35:59,SHIPPED,WEST
873,545,2023-10-08 15:57:30,CANCELLED,WEST
874,266,10-01-2025,DELIVERED,SOUTH
875,388,2025-10-18 11:43:23,DELIVERED,EAST
876,429,2024-01-22 23:33:16,SHIPPED,EAST
877,283,2024-12-29 01:07:41,DELIVERED,SOUTH
878,90,2024-04-19 02:12:43,DELIVERED,EAST
879,79,2023-05-21 00:41:05,RETURNED,SOUTH
880,293,2025-06-12 17:21:40,DELIVERED,NORTH
881,140,2024-10-20 15:15:18,DELIVERED,CENTRAL
882,15,2025-12-20 02:55:30,RETURNED,NORTH
883,354,2024-10-22 04:21:43,DELIVERED,CENTRAL
884,460,2025-11-28 16:16:48,DELIVERED,CENTRAL
885,376,2023-12-16 15:09:53,DELIVERED,NORTH
886,175,2024-10-18 16:13:42,SHIPPED,SOUTH
887,121,2025-04-17 11:50:10,DELIVERED,EAST
888,,2023-11-27 23:40:27,DELIVERED,EAST
889,37,2025-09-25 19:47:40,CANCELLED,WEST
890,472,2023-03-31 07:38:00,DELIVERED,NORTH
891,191,2024-06-27 06:34:11,PLACED,WEST
892,542,2025-02-03 08:48:32,SHIPPED,NORTH
893,,2025-01-27 04:02:32,DELIVERED,WEST
894,374,2024-09-06 04:02:43,SHIPPED,EAST
895,450,2023-06-18 20:26:34,DELIVERED,WEST
896,204,2023-01-10 00:37:14,DELIVERED,SOUTH
897,340,2024-09-04 21:44:28,SHIPPED,SOUTH
898,273,2025-01-14 13:24:43,DELIVERED,WEST
899,333,2025-11-25 00:58:41,DELIVERED,WEST
900,399,2025-02-18 14:38:38,RETURNED,NORTH
901,513,15-07-2023,DELIVERED,NORTH
902,440,2025-11-19 17:14:29,DELIVERED,WEST
903,498,2025-01-15 22:53:35,DELIVERED,CENTRAL
904,192,2023-08-25 21:27:09,DELIVERED,EAST
905,440,2025-12-24 21:31:30,DELIVERED,NORTH
906,186,2025-12-25 04:34:42,CANCELLED,SOUTH
907,411,23-12-2023,RETURNED,SOUTH
908,,2024-10-24 05:43:37,CANCELLED,WEST
909,237,2024-09-24 17:08:23,DELIVERED,NORTH
910,53,2025-03-03 01:05:46,DELIVERED,EAST
911,253,2024-06-29 07:08:32,PLACED,NORTH
912,330,2023-01-01 19:58:51,DELIVERED,CENTRAL
913,259,2023-06-06 12:40:06,DELIVERED,EAST
914,14,2023-06-23 06:05:17,DELIVERED,SOUTH
915,371,2024-05-29 12:28:06,DELIVERED,CENTRAL
916,283,2024-07-31 05:57:52,DELIVERED,NORTH
917,124,22-07-2023,RETURNED,SOUTH
918,102,27-10-2023,DELIVERED,EAST
919,207,2024-04-13 07:51:19,SHIPPED,SOUTH
920,259,2023-10-25 19:20:41,DELIVERED,CENTRAL
921,460,2024-06-23 13:45:22,SHIPPED,WEST
922,537,2023-04-16 04:21:20,DELIVERED,NORTH
923,133,2023-09-17 07:47:33,RETURNED,NORTH
924,408,2025-12-13 18:51:47,DELIVERED,CENTRAL
925,522,2023-04-27 11:39:47,DELIVERED,WEST
926,189,01-08-2025,DELIVERED,CENTRAL
927,,2025-12-18 07:40:10,DELIVERED,CENTRAL
928,226,2025-03-26 16:08:52,DELIVERED,NORTH
929,547,2023-09-23 19:24:34,PLACED,SOUTH
930,277,2024-03-07 11:30:46,PLACED,SOUTH
931,2,2023-11-23 04:20:16,DELIVERED,EAST
932,563,2024-05-19 04:32:37,SHIPPED,CENTRAL
933,59,2024-04-03 02:29:42,PLACED,EAST
934,287,2023-12-07 15:20:08,RETURNED,CENTRAL
935,598,2025-10-18 02:34:33,DELIVERED,WEST
936,565,2025-10-12 16:21:08,DELIVERED,EAST
937,405,2024-02-22 13:20:53,SHIPPED,WEST
938,491,2024-07-26 15:53:44,SHIPPED,SOUTH
939,503,2023-10-01 13:52:38,SHIPPED,EAST
940,182,2023-02-02 16:42:01,DELIVERED,SOUTH
941,437,2023-04-18 21:26:14,RETURNED,WEST
942,141,2023-06-05 16:59:12,CANCELLED,CENTRAL
943,22,2023-06-04 22:12:06,PLACED,NORTH
944,86,2023-07-25 07:59:31,RETURNED,CENTRAL
945,10,2023-01-21 23:12:03,SHIPPED,EAST
946,492,2023-05-12 23:43:55,CANCELLED,SOUTH
947,159,2024-04-22 12:08:35,DELIVERED,EAST
948,22,2025-09-01 18:22:05,SHIPPED,EAST
949,426,2023-06-09 07:56:27,RETURNED,NORTH
950,151,2023-12-19 03:03:42,DELIVERED,WEST
951,116,2025-12-02 20:30:10,RETURNED,SOUTH
952,289,2023-06-08 01:00:08,DELIVERED,NORTH
953,87,2024-07-14 00:10:19,DELIVERED,SOUTH
954,186,2024-10-27 20:25:30,SHIPPED,EAST
955,357,2025-08-28 12:40:35,DELIVERED,WEST
956,272,2025-10-24 23:08:47,DELIVERED,NORTH
957,153,2023-01-04 09:13:48,SHIPPED,SOUTH
958,490,2024-08-29 18:36:27,SHIPPED,WEST
959,331,2024-03-08 14:20:35,SHIPPED,WEST
960,435,2024-07-01 18:12:26,RETURNED,CENTRAL
961,252,2025-09-15 22:19:27,DELIVERED,CENTRAL
962,550,2025-04-09 04:24:43,DELIVERED,CENTRAL
963,225,2024-10-17 07:21:48,SHIPPED,NORTH
964,18,2023-11-12 18:48:54,DELIVERED,SOUTH
965,358,2023-06-21 02:55:30,CANCELLED,SOUTH
966,565,2024-04-02 19:06:40,RETURNED,SOUTH
967,58,2023-11-24 08:51:30,SHIPPED,SOUTH
968,435,2024-08-09 08:45:28,DELIVERED,CENTRAL
969,162,25-04-2023,DELIVERED,NORTH
970,583,2024-01-16 15:58:11,DELIVERED,SOUTH
971,541,2024-12-30 18:05:55,DELIVERED,WEST
972,14,2024-06-08 00:50:04,SHIPPED,NORTH
973,516,2025-07-27 13:13:27,DELIVERED,WEST
974,466,2025-11-22 04:38:28,CANCELLED,CENTRAL
975,233,2025-02-18 15:09:38,SHIPPED,NORTH
976,129,2025-03-21 02:58:05,DELIVERED,NORTH
977,573,2023-12-07 01:25:21,PLACED,WEST
978,415,2025-01-11 15:22:06,SHIPPED,EAST
979,277,2025-10-01 12:45:17,PLACED,CENTRAL
980,,2024-06-05 03:17:24,DELIVERED,NORTH
981,317,2023-11-26 04:34:31,SHIPPED,NORTH
982,584,2024-01-09 08:20:38,DELIVERED,WEST
983,,2023-03-12 23:05:48,DELIVERED,EAST
984,513,2024-03-14 16:42:58,DELIVERED,EAST
985,100,2023-07-21 04:44:22,CANCELLED,CENTRAL
986,154,06-06-2023,DELIVERED,WEST
987,39,2025-06-29 21:01:05,SHIPPED,WEST
988,96,2023-05-03 08:07:09,SHIPPED,SOUTH
989,165,2025-11-24 14:39:37,DELIVERED,CENTRAL
990,350,2025-10-08 21:45:45,SHIPPED,EAST
991,442,13-07-2024,DELIVERED,WEST
992,77,2024-01-07 10:41:25,DELIVERED,WEST
993,147,2023-06-01 07:33:37,DELIVERED,NORTH
994,322,2025-02-14 00:47:50,DELIVERED,NORTH
995,362,2024-03-11 03:31:50,SHIPPED,WEST
996,263,2024-02-05 16:51:10,DELIVERED,SOUTH
997,500,12-07-2023,CANCELLED,WEST
998,133,2024-09-27 09:51:50,DELIVERED,CENTRAL
999,424,2024-05-02 05:32:54,DELIVERED,NORTH
1000,59,2025-08-22 02:09:23,SHIPPED,CENTRAL
1001,108,2023-01-13 08:08:04,SHIPPED,WEST
1002,474,2023-04-24 08:50:32,DELIVERED,WEST
1003,477,2025-09-25 01:33:27,SHIPPED,NORTH
1004,205,2024-09-08 15:10:39,PLACED,EAST
1005,488,2025-07-27 20:31:30,DELIVERED,CENTRAL
1006,150,2023-08-30 22:26:58,DELIVERED,NORTH
1007,64,2025-07-22 17:47:24,DELIVERED,WEST
1008,217,2025-01-05 09:59:26,RETURNED,WEST
1009,181,2024-02-24 04:40:00,PLACED,WEST
1010,463,2023-05-07 22:20:11,DELIVERED,EAST
1011,95,2023-10-13 22:56:09,DELIVERED,EAST
1012,430,2023-09-13 14:14:43,DELIVERED,SOUTH
1013,585,2025-12-18 06:29:20,PLACED,CENTRAL
1014,593,2023-11-05 10:51:09,DELIVERED,EAST
1015,470,2023-01-23 00:55:17,DELIVERED,EAST
1016,417,2023-06-26 11:34:16,DELIVERED,WEST
1017,593,2023-07-15 07:04:37,SHIPPED,SOUTH
1018,171,2024-10-14 17:18:02,SHIPPED,SOUTH
1019,591,2023-10-24 22:55:26,DELIVERED,EAST
1020,315,2023-01-26 03:39:15,CANCELLED,WEST
1021,424,2025-10-05 01:10:50,DELIVERED,CENTRAL
1022,344,2024-10-23 12:48:31,SHIPPED,WEST
1023,167,2024-08-02 14:58:38,DELIVERED,WEST
1024,102,2025-09-12 01:13:52,CANCELLED,NORTH
1025,422,2023-05-20 05:56:40,DELIVERED,CENTRAL
1026,455,2025-04-26 05:08:45,CANCELLED,EAST
1027,466,2024-10-15 10:37:40,SHIPPED,WEST
1028,476,2023-07-13 07:28:49,CANCELLED,WEST
1029,230,2023-01-12 19:32:23,DELIVERED,EAST
1030,425,2024-04-22 12:34:44,PLACED,WEST
1031,,2023-02-20 18:11:52,DELIVERED,CENTRAL
1032,175,2025-07-20 23:35:45,RETURNED,SOUTH
1033,198,2025-05-13 07:28:23,DELIVERED,NORTH
1034,400,2025-06-16 15:56:39,SHIPPED,EAST
1035,237,2025-03-14 13:29:14,CANCELLED,CENTRAL
1036,402,2023-07-03 21:15:18,DELIVERED,EAST
1037,331,2025-05-08 21:48:41,PLACED,WEST
1038,157,18-01-2023,DELIVERED,NORTH
1039,134,2025-06-07 06:01:09,DELIVERED,EAST
1040,228,2023-10-17 19:16:51,DELIVERED,SOUTH
1041,53,2024-08-10 08:50:56,RETURNED,NORTH
1042,106,2025-09-18 16:46:34,RETURNED,NORTH
1043,269,2023-06-16 08:06:25,PLACED,WEST
1044,213,2024-07-15 09:52:06,DELIVERED,NORTH
1045,79,2024-10-04 17:32:11,DELIVERED,EAST
1046,165,2025-09-11 04:31:22,PLACED,SOUTH
1047,33,2025-10-21 18:08:44,DELIVERED,EAST
1048,560,21-01-2025,DELIVERED,EAST
1049,31,2023-07-08 21:20:18,DELIVERED,SOUTH
1050,118,2023-12-03 00:29:30,PLACED,SOUTH
1051,130,2023-12-08 09:17:17,DELIVERED,NORTH
1052,302,2024-06-25 11:00:42,CANCELLED,WEST
1053,198,2025-03-07 09:13:16,SHIPPED,EAST
1054,320,2024-09-02 05:36:43,SHIPPED,WEST
1055,434,2024-11-04 08:59:42,DELIVERED,EAST
1056,393,2025-08-25 15:48:14,DELIVERED,EAST
1057,461,2025-09-09 20:42:30,PLACED,CENTRAL
1058,301,2024-01-29 02:53:49,CANCELLED,CENTRAL
1059,118,2024-07-01 04:57:22,DELIVERED,SOUTH
1060,221,2024-07-09 17:40:56,DELIVERED,EAST
1061,,2023-07-09 23:48:32,DELIVERED,SOUTH
1062,330,2024-12-23 22:29:53,DELIVERED,WEST
1063,540,2024-03-16 13:54:20,DELIVERED,CENTRAL
1064,432,2025-11-08 21:33:16,DELIVERED,EAST
1065,506,2023-11-04 19:34:58,RETURNED,WEST
1066,176,2023-07-05 06:17:55,DELIVERED,SOUTH
1067,,14-06-2025,DELIVERED,CENTRAL
1068,292,2023-01-08 05:15:11,RETURNED,NORTH
1069,41,2025-04-08 17:05:29,PLACED,WEST
1070,426,2023-05-28 18:19:25,DELIVERED,EAST
1071,321,2024-09-13 21:55:08,PLACED,EAST
1072,506,2025-12-17 21:47:47,RETURNED,NORTH
1073,106,03-08-2024,PLACED,NORTH
1074,331,2023-08-04 12:23:39,DELIVERED,SOUTH
1075,378,2023-09-22 09:11:50,DELIVERED,NORTH
1076,266,2025-12-05 03:29:36,PLACED,NORTH
1077,338,2024-04-17 16:45:25,DELIVERED,WEST
1078,142,2024-02-24 07:03:02,SHIPPED,EAST
1079,424,2023-08-18 21:53:42,DELIVERED,CENTRAL
1080,490,2025-03-30 13:56:27,RETURNED,EAST
1081,271,2025-01-19 20:35:44,DELIVERED,EAST
1082,249,2025-05-17 14:57:25,DELIVERED,SOUTH
1083,507,15-12-2025,PLACED,SOUTH
1084,193,2024-12-28 05:54:41,DELIVERED,CENTRAL
1085,321,2025-03-30 16:01:04,DELIVERED,WEST
1086,517,2025-10-14 22:57:26,SHIPPED,EAST
1087,526,2024-08-21 23:18:20,DELIVERED,NORTH
1088,315,2024-03-07 14:34:03,DELIVERED,NORTH
1089,110,2023-08-17 19:21:33,SHIPPED,WEST
1090,488,2023-10-18 12:58:30,DELIVERED,EAST
1091,87,2023-07-03 19:31:12,SHIPPED,WEST
1092,342,19-02-2025,DELIVERED,NORTH
1093,433,2023-03-18 07:51:47,SHIPPED,SOUTH
1094,506,2025-07-11 19:45:29,SHIPPED,NORTH
1095,114,2025-10-01 01:28:58,PLACED,NORTH
1096,68,2025-06-12 14:08:51,DELIVERED,CENTRAL
1097,402,2025-12-22 15:42:28,SHIPPED,EAST
1098,209,2025-02-08 05:20:15,DELIVERED,CENTRAL
1099,97,2024-03-23 08:37:17,RETURNED,CENTRAL
1100,245,2025-01-10 14:50:19,DELIVERED,SOUTH
1101,467,2023-10-19 00:42:21,PLACED,WEST
1102,182,2024-10-26 18:06:32,CANCELLED,SOUTH
1103,10,2025-11-21 02:31:15,RETURNED,CENTRAL
1104,254,2023-01-02 13:31:26,PLACED,NORTH
1105,298,2025-05-31 05:14:11,DELIVERED,SOUTH
1106,103,2023-08-16 17:00:31,DELIVERED,WEST
1107,559,2025-02-01 05:11:58,DELIVERED,EAST
1108,,2024-12-13 15:28:05,DELIVERED,CENTRAL
1109,496,2025-10-28 09:21:58,DELIVERED,NORTH
1110,226,2023-08-18 18:07:33,SHIPPED,WEST
1111,442,2023-02-18 00:12:35,DELIVERED,SOUTH
1112,281,2024-08-09 20:35:39,DELIVERED,WEST
1113,358,2025-03-29 12:30:44,DELIVERED,WEST
1114,43,2024-03-05 03:14:22,DELIVERED,CENTRAL
1115,466,2023-07-11 00:19:41,DELIVERED,EAST
1116,9,2024-03-24 00:38:58,DELIVERED,WEST
1117,297,2025-11-23 18:39:07,DELIVERED,EAST
1118,302,26-01-2025,PLACED,EAST
1119,501,2025-07-10 07:18:45,DELIVERED,NORTH
1120,359,2023-03-19 12:28:59,DELIVERED,CENTRAL
1121,575,2025-10-30 13:09:03,PLACED,EAST
1122,202,2023-08-10 14:09:47,RETURNED,EAST
1123,,2023-12-06 23:36:32,SHIPPED,WEST
1124,101,2024-10-18 10:18:04,RETURNED,CENTRAL
1125,447,2024-04-27 17:04:13,DELIVERED,CENTRAL
1126,205,2023-08-05 04:52:14,DELIVERED,SOUTH
1127,305,2024-04-12 16:24:53,DELIVERED,CENTRAL
1128,448,2023-10-12 20:36:36,DELIVERED,EAST
1129,367,2025-02-21 15:35:27,DELIVERED,WEST
1130,573,29-09-2024,DELIVERED,NORTH
1131,310,2023-08-07 09:24:38,DELIVERED,EAST
1132,580,2023-07-17 17:09:02,PLACED,WEST
1133,7,2023-07-15 15:13:42,DELIVERED,CENTRAL
1134,87,15-12-2024,CANCELLED,NORTH
1135,298,2024-06-02 01:09:51,DELIVERED,NORTH
1136,524,2023-07-08 15:42:40,PLACED,SOUTH
1137,508,2025-03-12 23:43:05,CANCELLED,SOUTH
1138,7,2024-04-12 10:04:28,DELIVERED,SOUTH
1139,157,2023-06-28 04:39:23,SHIPPED,NORTH
1140,486,20-01-2024,DELIVERED,WEST
1141,308,2023-03-28 10:54:00,RETURNED,SOUTH
1142,450,2025-04-29 07:10:15,DELIVERED,WEST
1143,190,2023-08-16 04:27:35,DELIVERED,SOUTH
1144,560,2023-09-23 06:58:18,DELIVERED,EAST
1145,505,2025-11-02 23:31:42,DELIVERED,WEST
1146,476,2025-12-19 18:22:40,DELIVERED,NORTH
1147,578,2024-03-16 06:44:46,DELIVERED,NORTH
1148,456,29-09-2025,RETURNED,SOUTH
1149,470,2024-12-27 20:50:28,RETURNED,EAST
1150,516,2025-02-16 17:09:05,RETURNED,CENTRAL
1151,179,2024-08-29 19:31:49,DELIVERED,CENTRAL
1152,144,2024-06-11 01:41:17,DELIVERED,EAST
1153,496,2024-09-03 22:43:39,DELIVERED,SOUTH
1154,520,2025-06-13 20:17:19,DELIVERED,SOUTH
1155,595,2025-12-19 22:42:10,DELIVERED,WEST
1156,,2023-04-15 23:11:28,SHIPPED,NORTH
1157,488,2025-10-30 10:43:36,SHIPPED,SOUTH
1158,179,2023-06-13 18:46:57,DELIVERED,WEST
1159,257,2023-04-10 23:53:02,CANCELLED,NORTH
1160,31,2024-11-16 21:22:25,DELIVERED,WEST
1161,588,2024-08-09 15:01:39,SHIPPED,WEST
1162,231,2024-11-10 15:44:09,SHIPPED,CENTRAL
1163,25,2023-10-26 17:18:27,DELIVERED,SOUTH
1164,6,2023-02-21 15:14:48,DELIVERED,CENTRAL
1165,541,2023-04-22 19:03:14,CANCELLED,CENTRAL
1166,366,2025-01-05 22:02:29,DELIVERED,SOUTH
1167,386,2023-04-15 07:42:28,DELIVERED,SOUTH
1168,121,2025-03-14 12:21:39,PLACED,CENTRAL
1169,,2024-05-29 01:35:03,DELIVERED,EAST
1170,70,2024-08-29 12:09:05,SHIPPED,EAST
1171,248,2023-04-27 03:53:35,RETURNED,CENTRAL
1172,59,2024-04-30 01:07:32,CANCELLED,CENTRAL
1173,270,2025-01-01 15:21:31,PLACED,WEST
1174,61,2024-02-10 06:21:09,DELIVERED,EAST
1175,64,2025-10-27 10:57:47,PLACED,CENTRAL
1176,37,2025-08-05 14:30:43,PLACED,WEST
1177,83,2025-07-18 04:33:35,DELIVERED,SOUTH
1178,107,25-02-2024,DELIVERED,EAST
1179,234,01-11-2024,PLACED,SOUTH
1180,389,2025-04-09 19:53:32,DELIVERED,CENTRAL
1181,387,2025-01-19 00:43:30,DELIVERED,WEST
1182,449,2025-05-03 16:31:11,DELIVERED,EAST
1183,448,2024-06-30 11:38:53,SHIPPED,NORTH
1184,,2025-07-03 09:15:00,DELIVERED,CENTRAL
1185,,2025-06-01 10:23:14,CANCELLED,SOUTH
1186,130,2023-03-30 08:46:35,DELIVERED,EAST
1187,251,2024-06-27 04:32:52,SHIPPED,WEST
1188,79,13-01-2025,RETURNED,SOUTH
1189,366,2025-02-07 20:17:59,CANCELLED,WEST
1190,565,2024-04-15 06:10:44,DELIVERED,CENTRAL
1191,555,2024-02-20 14:26:13,PLACED,WEST
1192,81,2025-08-24 01:03:37,SHIPPED,CENTRAL
1193,567,2023-12-25 03:00:08,DELIVERED,SOUTH
1194,451,2023-02-25 17:14:37,DELIVERED,NORTH
1195,35,2023-02-03 01:44:08,DELIVERED,EAST
1196,394,2023-05-12 06:08:18,CANCELLED,WEST
1197,,2024-11-20 18:15:20,SHIPPED,WEST
1198,313,07-04-2025,DELIVERED,NORTH
1199,345,2025-08-03 15:26:44,RETURNED,CENTRAL
1200,350,2023-12-03 09:21:03,DELIVERED,WEST
